,seconds of week [s],ECEF_vel_x,ECEF_vel_y,ECEF_vel_z,IMU_ATTI(0):velN[meters/Sec],IMU_ATTI(0):velE[meters/Sec],IMU_ATTI(0):velD[meters/Sec],IMU_ATTI(0):velH[meters/Sec],IMU_ATTI(0):velComposite[meters/Sec],GPS(0):Lat[degrees],GPS(0):Long[degrees],Normalized barometer:Raw[meters]
0,594853.0,0.0028227451257407665,-0.0021215099841356277,0.0031400835141539574,0.002255561,0.0012299560000000001,0.00422734,0.002569114,0.004946792,37.426469399999995,-122.17578710000001,2.3226300000000037
1,594853.2,0.0028895814903080463,-0.0007909825071692467,0.0015736971981823444,0.001717704,0.0005780000000000001,0.006101906,0.001812438,0.00636539,37.426469399999995,-122.17578710000001,2.6789400000000114
2,594853.4,0.0020972019992768764,0.0003682579845190048,0.0029047499410808086,0.003114617,-0.0007099999999999999,0.005737085,0.0031944609999999996,0.006566485,37.426469399999995,-122.17578710000001,3.1007199999999955
3,594853.6,-0.0024191346019506454,-0.00648545753210783,0.00796485785394907,0.002145783,-0.000883,-0.0038549340000000004,0.002320301,0.004499368,37.426469299999994,-122.17578710000001,3.0823800000000006
4,594853.8,-0.0041823252104222775,-0.010362142696976662,0.010616795625537634,0.001686955,-0.00031099999999999997,-0.008818058,0.0017154720000000002,0.008983374,37.426469299999994,-122.17578710000001,2.7109000000000094
5,594854.0,-0.0004192441701889038,-0.0034681865945458412,0.005386331118643284,0.002297425,-0.000797,0.000586,0.002431868,0.002501464,37.426469299999994,-122.17578710000001,2.682079999999999
6,594854.2,-0.0005079545080661774,-0.0060166260227561,0.0060972776263952255,0.0015223679999999999,0.00048499999999999997,-0.001596572,0.0015976410000000001,0.00225865,37.42646920000001,-122.17578689999999,2.5841000000000065
7,594854.4,-0.0030450555495917797,-0.010969433933496475,0.010346810333430767,0.001528215,0.000975,-0.00858124,0.001813,0.00877067,37.42646920000001,-122.17578689999999,2.611869999999996
8,594854.6,0.0005774460732936859,-0.003970296122133732,0.002049738075584173,-0.000288,0.000314,0.00269778,0.000426,0.002731175,37.4264691,-122.17578689999999,2.7931700000000035
9,594854.8,-0.0002524377778172493,-0.002947661094367504,0.004554201848804951,0.001958349,-0.000933,0.0015121429999999999,0.0021691370000000002,0.0026441890000000003,37.4264691,-122.17578689999999,2.4504850000000005
10,594855.0,-0.0002399100922048092,-0.0039192670956254005,0.00518169766291976,0.001960918,-0.000405,0.00048300000000000003,0.002002297,0.002059825,37.426469,-122.1757867,2.602969999999999
11,594855.2,0.0011224099434912205,-0.0064699891954660416,0.006169511470943689,0.001874159,0.002106396,-0.001255746,0.002819463,0.003086465,37.426469,-122.1757866,2.609250000000003
12,594855.4,0.005756013095378876,0.00031800195574760437,-0.0015175309963524342,0.0007610000000000001,0.002413651,0.00993819,0.002530644,0.010255329,37.426469,-122.1757866,1.7116400000000027
13,594855.6,-0.0016694506630301476,-0.011462709866464138,0.00823033507913351,3.8900000000000004e-05,0.002402016,-0.007044801999999999,0.002402331,0.007443147,37.4264689,-122.1757865,2.6925600000000003
14,594855.8,0.0053888000547885895,0.0025579985231161118,0.00025811512023210526,0.003204525,0.00091,0.010209419,0.003331346,0.010739185,37.426469,-122.1757867,2.5882900000000006
15,594856.0,0.0029453332535922527,-0.0019690338522195816,0.0024081054143607616,0.001792381,0.0012525210000000001,0.004826525999999999,0.00218665,0.005298754,37.426469,-122.1757867,2.022350000000003
16,594856.2,0.0017738239839673042,-0.002117512747645378,0.004409430082887411,0.002926181,0.00033999999999999997,0.003015012,0.0029458390000000004,0.004215242,37.4264689,-122.1757868,1.942184999999995
17,594856.4,0.0023796148598194122,-0.0014625973999500275,-0.0012847441248595715,-0.0010628039999999999,0.000504,0.0071720080000000005,0.001176068,0.007267794,37.4264689,-122.1757868,1.4370600000000024
18,594856.6,0.007866789121180773,-0.001610427163541317,0.005615466274321079,0.006116671,0.005227174,0.005199545999999999,0.008045931,0.009579785,37.4264689,-122.1757867,1.506225999999998
19,594856.8,0.003763881977647543,-0.005944272503256798,0.015536259859800339,0.010437905,0.004062237,-0.00547791,0.011200518999999999,0.012468324,37.426468799999995,-122.1757868,0.9104099999999988
20,594857.0,0.002582728397101164,-0.015824570320546627,0.028501867782324553,0.015269574,0.008323907,-0.020498414,0.017391012,0.026881821,37.426468799999995,-122.1757867,0.8181840000000022
21,594857.2,-0.003115723840892315,-0.03174274507910013,0.035476379096508026,0.010775643,0.011977316000000002,-0.03784666,0.016111194,0.0411332,37.426468799999995,-122.1757867,1.4768799999999942
22,594857.4,-0.014150102622807026,-0.04327458143234253,0.04747385159134865,0.010800087,0.008778494,-0.05755572,0.013917752,0.059214565999999996,37.4264687,-122.1757867,1.923320000000004
23,594857.6,-0.009706804994493723,-0.04225149564445019,0.04809348937124014,0.013256444,0.011994578,-0.055365592000000005,0.017877449,0.05818034,37.4264687,-122.1757867,1.5219400000000007
24,594857.8,-0.00642448989674449,-0.02515353634953499,0.03366741444915533,0.011657787,0.005667849,-0.033717446,0.012962581,0.036123327999999996,37.4264686,-122.1757867,1.6901500000000027
25,594858.0,0.0014488422311842442,-0.01785644143819809,0.03034746879711747,0.015323056000000002,0.008446168,-0.023465337000000003,0.017496678999999998,0.029270392000000003,37.4264686,-122.1757866,1.5518100000000032
26,594858.2,0.033426400274038315,0.04292525351047516,-0.02412370592355728,0.013681198,0.003145346,0.064017765,0.014038104,0.06553886,37.4264686,-122.1757867,0.8396699999999981
27,594858.4,0.06149125052616,0.0785395847633481,-0.05912799062207341,0.013286106,0.007934766999999999,0.12109860000000001,0.015475178999999999,0.12208338,37.4264686,-122.1757867,0.6405260000000084
28,594858.6,0.09287658846005797,0.12872162275016308,-0.10593676241114736,0.012085021999999999,0.00777717,0.19654971,0.014371225,0.19707441,37.4264686,-122.1757868,-0.7236900000000048
29,594858.8,0.07420617993921041,0.14294721744954586,-0.10941733047366142,0.010596352,-0.015601193999999999,0.20033151,0.018859478,0.20121728,37.4264685,-122.1757868,-0.7577700000000078
30,594859.0,-0.12959959777072072,-0.021459228359162807,0.07213201466947794,0.004240565,-0.10055726,-0.106700264,0.10064663,0.14667886,37.4264685,-122.1757868,0.8506699999999938
31,594859.2,-0.16058726282790303,-0.08971397392451763,0.10062107723206282,-0.018274653999999998,-0.09043905,-0.18299744,0.092266924,0.20494206,37.4264684,-122.1757866,1.859400000000008
32,594859.4,-0.1319239903241396,-0.0636897161602974,0.0317785800434649,-0.050281316,-0.08003624,-0.11154473,0.094519891,0.14620614,37.4264686,-122.1757875,1.923320000000004
33,594859.6,-0.08307487284764647,-0.10711946617811918,0.011994310654699802,-0.07252398,-0.01556233,-0.108055376,0.07417489,0.1310644,37.4264687,-122.1757872,2.131860000000003
34,594859.8,-0.11829984746873379,-0.18510273937135935,0.025821513030678034,-0.11305842,-0.0038500609999999997,-0.18377303,0.11312395300000001,0.2157998,37.4264684,-122.1757875,2.1056600000000003
35,594860.0,-0.15593046694993973,-0.1954095670953393,0.03954534884542227,-0.1196403,-0.030212799999999998,-0.21495512,0.12339617,0.24785544,37.4264679,-122.1757875,3.8759699999999953
36,594860.2,-0.2695318306796253,-0.2033826606348157,0.22988469200208783,-0.009352164,-0.12212142,-0.38403273,0.122478999,0.40309083,37.4264682,-122.1757875,3.938829999999996
37,594860.4,-0.23375087976455688,-0.19466977659612894,0.24416392529383302,0.01804933,-0.096475475,-0.37172294,0.098149352,0.38446227,37.4264684,-122.17578780000001,3.3950499999999977
38,594860.6,-0.21036106953397393,-0.1450324235484004,0.20586544694378972,0.020738741,-0.10311059,-0.30519125,0.105175511,0.3228058,37.426468299999996,-122.17578780000001,3.477819999999994
39,594860.8,-0.16374300280585885,-0.10944634955376387,0.15816024038940668,0.016247336,-0.082602315,-0.23256455,0.084185025,0.24733256,37.4264687,-122.1757881,2.840760000000003
40,594861.0,-0.1392159517854452,-0.12478774227201939,0.17213962879031897,0.0273949,-0.053672593,-0.24100024,0.060259669,0.24841969,37.4264691,-122.1757882,4.186610000000002
41,594861.25,-0.12037090305238962,-0.13997927494347095,0.17148207081481814,0.025156982,-0.029632032000000003,-0.24284254,0.038870697,0.24593379,37.426469299999994,-122.17578859999999,3.8895900000000125
42,594861.5,-0.13263480784371495,-0.1824328750371933,0.18251974740996957,0.008114952,-0.017405199,-0.28327292,0.019203995,0.28392315,37.426469399999995,-122.17578870000001,2.8381350000000083
43,594861.75,-0.14769635302945971,-0.2369478354230523,0.23577590892091393,0.017490167,-0.001123471,-0.3586517,0.017526212,0.3590797,37.4264695,-122.1757888,3.8120600000000024
44,594862.0,-0.19827596144750714,-0.3382059298455715,0.3137920037843287,0.010988258,0.009986561,-0.49551769999999995,0.01484834,0.49574012,37.4264695,-122.17578870000001,3.5684600000000017
45,594862.1666666666,-0.22217108821496367,-0.44207153376191854,0.39272153237834573,0.012506413999999999,0.045071404,-0.62340695,0.046774374,0.62515926,37.4264698,-122.17578859999999,3.518166000000008
46,594862.3333333334,-0.28562367195263505,-0.5143881281837821,0.48355193017050624,0.026902331,0.029873671,-0.754051,0.040201638,0.75512195,37.42647,-122.17578870000001,3.8864439999999973
47,594862.5,-0.35853441432118416,-0.5931640639901161,0.5880738752894104,0.045787454000000005,0.010110073,-0.90135753,0.046890346,0.9025764000000001,37.4264696,-122.1757883,4.2505199999999945
48,594862.6666666666,-0.3816393748857081,-0.6443671621382236,0.6298897783271968,0.045178104000000004,0.017820075,-0.9709589,0.048565588,0.97217274,37.4264691,-122.17578789999999,3.523926000000003
49,594862.8333333334,-0.3675441830419004,-0.6227275244891644,0.6356106959283352,0.06541452,0.018227058,-0.95392954,0.067906443,0.9563434999999999,37.4264687,-122.1757873,4.505619999999993
50,594863.0,-0.35837723361328244,-0.60603285767138,0.6444061980582774,0.083953895,0.017095958999999997,-0.9441767,0.085676882,0.9480559999999999,37.4264685,-122.17578689999999,3.850819999999999
51,594863.2,-0.3549802992492914,-0.6242151027545333,0.6523088850080967,0.08197598,0.029653536,-0.95976454,0.08717450199999999,0.96371543,37.4264685,-122.1757861,4.657555000000002
52,594863.4,-0.3584390957839787,-0.654261932708323,0.6513232737779617,0.06461761,0.042726375,-0.9808247999999999,0.077465985,0.9838792,37.426469,-122.17578519999999,4.427030000000002
53,594863.6,-0.40031122136861086,-0.6874159779399633,0.6680010077543557,0.04725607,0.024940062000000002,-1.030953,0.053433539,1.0323368,37.4264687,-122.17578470000001,5.595269999999999
54,594863.8,-0.4755074246786535,-0.6613064473494887,0.5928193293511868,-0.023353301,-0.052611236,-0.9995113999999999,0.057561435,1.0011675,37.4264686,-122.1757841,5.699470000000005
55,594864.0,-0.42285820515826344,-0.6464306935667992,0.5521832429803908,-0.030932521,-0.015969487,-0.94255126,0.03481157,0.9431939,37.426468299999996,-122.1757835,5.481570000000005
56,594864.2,-0.3960119024850428,-0.6477188291028142,0.5859395004808903,0.0039001820000000003,0.007439704,-0.95257926,0.008400036999999999,0.9526163000000001,37.426468299999996,-122.1757828,6.467100000000002
57,594864.4,-0.25140208937227726,-0.5090503180399537,0.45938289258629084,0.021529958,0.055997017999999996,-0.72130257,0.059993375,0.7237932,37.4264681,-122.17578219999999,5.816609999999997
58,594864.6,-0.34462950471788645,-0.6602490358054638,0.5637888256460428,-0.0035069470000000003,0.057603315,-0.9258107,0.05770996900000001,0.92760766,37.4264677,-122.17578200000001,5.86206
59,594864.8,-0.4639098923653364,-0.7822794942185283,0.6241564373485744,-0.05694342,0.021625286,-1.0949663,0.06091146099999999,1.0966592,37.42646729999999,-122.1757815,6.558650000000007
60,594865.0,-0.48874854017049074,-0.8404696919023991,0.6908352063037455,-0.041963633,0.031588607000000005,-1.1851076,0.052524152000000005,1.1862709999999999,37.4264675,-122.17578059999998,7.369812000000003
61,594865.2,-0.4517290717922151,-0.8407627306878567,0.8080481528304517,0.06294905,0.06307866,-1.2408848999999997,0.08911509,1.2440806999999998,37.42646729999999,-122.17578,6.640774
62,594865.4,-0.4650077326223254,-0.7926419256255031,0.7667003981769085,0.050569657000000004,0.026214217999999997,-1.1890261,0.056960297,1.1903896,37.426466999999995,-122.1757791,6.927265000000006
63,594865.6,-0.416401871945709,-0.6842863773927093,0.5777208148501813,-0.028036007999999998,0.009654056,-0.9807867,0.02965162,0.9812348,37.4264667,-122.1757775,7.235416999999998
64,594865.8,-0.4343932284973562,-0.7008729288354516,0.5386091829277575,-0.073450685,0.0032584309999999996,-0.97577417,0.073522926,0.9785401,37.4264664,-122.17577630000001,8.053079999999994
65,594866.0,-0.4111793148331344,-0.6586711509153247,0.4913827767595649,-0.08173307,0.000434,-0.90888894,0.081734225,0.9125565999999999,37.4264662,-122.175776,8.119660000000003
66,594866.2,-0.4207491325214505,-0.6964545855298638,0.5730479899793863,-0.039413176,0.012454221000000001,-0.98796433,0.041334077999999996,0.9888286000000001,37.42646679999999,-122.17577549999999,8.776028000000004
67,594866.4,-0.34559763222932816,-0.6139262653887272,0.5449908706359565,0.005080384,0.032116234,-0.883659,0.032515578999999996,0.884257,37.4264669,-122.175775,8.118477000000006
68,594866.6,-0.24344382155686617,-0.5262697050347924,0.5241457666270435,0.0666781,0.07190266,-0.7688706999999999,0.098061009,0.77509874,37.426467200000005,-122.17577450000002,8.900191999999997
69,594866.8,-0.23525070259347558,-0.5771287186071277,0.5561009785160422,0.06854416,0.10592074,-0.8190124,0.12616459900000002,0.8286728999999999,37.426467200000005,-122.1757737,8.475234999999998
70,594867.0,-0.2997086741961539,-0.6701416345313191,0.6120660970918834,0.044280707999999995,0.10089316,-0.9428039,0.110182629,0.9492204,37.42646729999999,-122.17577320000001,8.806640000000009
71,594867.25,-0.34105890430510044,-0.6389166908338666,0.5764398225583136,0.018668689,0.049265715999999994,-0.91765034,0.052684255,0.91916144,37.4264675,-122.1757733,9.260315000000006
72,594867.5,-0.40624832501634955,-0.7072969432920218,0.5657195677049458,-0.046117347,0.030501722999999998,-0.9846662,0.055291634000000006,0.98621744,37.426467200000005,-122.17577309999999,9.777348000000003
73,594867.75,-0.374949490185827,-0.6222165673971176,0.5326515985652804,-0.018482473,0.011686968,-0.89414495,0.021867487,0.89441234,37.426467200000005,-122.17577309999999,9.808888000000003
74,594868.0,-0.33888646168634295,-0.5948228258639574,0.5148444320075214,-0.006861009,0.027623804,-0.84965885,0.028463099,0.85013545,37.4264677,-122.1757726,10.554843999999996
75,594868.2,-0.4161780793219805,-0.6557689066976309,0.6283247345127165,0.026892233999999998,-0.005342545,-0.9922777,0.027417786,0.9926564,37.4264677,-122.1757726,10.287860000000002
76,594868.4,-0.3796893935650587,-0.6246521472930908,0.6504083946347237,0.072245225,0.008972006999999999,-0.9693525,0.07280020200000001,0.9720823000000001,37.4264685,-122.1757726,10.478904999999997
77,594868.6,-0.4604411004111171,-0.5897051217034459,0.6395783238112926,0.05548771,-0.07798769,-0.97342926,0.095712939,0.9781235,37.4264684,-122.17577220000001,10.503142999999994
78,594868.8,-0.7304025958292186,-0.6511488491669297,0.6969564110040665,-0.01792212,-0.2737686,-1.1637648,0.27435460899999997,1.1956668,37.426468799999995,-122.1757729,10.632813000000006
79,594869.0,-0.7148928944952786,-0.8012851262465119,0.7631433457136154,-0.03757248,-0.18069084,-1.2983476999999999,0.184555871,1.3113991000000003,37.426468799999995,-122.17577240000001,11.603591999999999
80,594869.2,-0.823790738824755,-0.8347066510468721,0.8005565763451159,-0.060296647,-0.25506660000000003,-1.389602,0.262096645,1.4141033,37.4264686,-122.1757723,11.006022999999999
81,594869.4,-0.7694099321961403,-0.858127498999238,0.7696897191926837,-0.079257414,-0.19656563,-1.3635886000000002,0.211942882,1.3799614,37.4264684,-122.17577069999999,11.434170000000002
82,594869.6,-0.6275689508765936,-0.8767091855406761,0.7448594192974269,-0.06262999999999999,-0.066613585,-1.3010051999999999,0.091432416,1.3042141,37.4264685,-122.17576979999998,10.890059999999998
83,594869.8,-0.4949133927002549,-0.9134577503427863,0.7626777719706297,-0.02445175,0.0652379,-1.2804368999999998,0.069669736,1.2823308999999998,37.426468299999996,-122.17576880000001,11.956790000000005
84,594870.0,-0.4110956909134984,-0.9663730543106794,0.7474985336884856,-0.036599826,0.16436112,-1.2713343000000001,0.168386832,1.2824372,37.4264679,-122.17576709999999,12.626274000000002
85,594870.2,-0.3014660472981632,-0.9751363098621368,0.6567801735363901,-0.07767031,0.26182038,-1.17573,0.273098122,1.2070309,37.4264674,-122.17576570000001,11.868804999999995
86,594870.4,-0.27507154177874327,-0.9417482782155275,0.5842803469859064,-0.109527655,0.26638153,-1.0980643,0.288019839,1.1352096,37.42646729999999,-122.1757644,12.158103999999994
87,594870.6,-0.2845397577621043,-0.9531243089586496,0.6711560385301709,-0.04945293,0.26442537,-1.1625131000000002,0.269009984,1.1932322,37.42646679999999,-122.1757637,12.379110000000004
88,594870.8,-0.31792429415509105,-0.8628028938546777,0.6170822381973267,-0.056737172999999995,0.1880704,-1.0830567,0.19644231199999998,1.1007277,37.4264665,-122.1757629,12.330867999999995
89,594871.0,-0.4233884899877012,-0.9018470011651516,0.7182613448239863,-0.030603796000000003,0.119595066,-1.2153916,0.12344866199999999,1.221645,37.426466,-122.1757621,13.154923000000004
90,594871.2,-0.5037600733339787,-0.9558681435883045,0.7615216099657118,-0.050049156,0.08033413,-1.3119823999999998,0.094649298,1.3153920000000001,37.426466299999994,-122.1757619,13.249282999999998
91,594871.4,-0.560060634277761,-0.9102266691625118,0.8660831484012306,0.03824413,0.008375391999999999,-1.3686591000000001,0.039150486,1.369219,37.4264659,-122.17576070000001,13.513306
92,594871.6,-0.7841935739852488,-0.9354549711570144,1.0173555007204413,0.07285995,-0.16790064,-1.572335,0.18302785600000002,1.5829518999999999,37.4264657,-122.1757597,13.347169999999998
93,594871.8,-0.7352690030820668,-0.945942098274827,0.9636398334987462,0.040641553999999996,-0.120905355,-1.5260491000000003,0.12755328400000002,1.5313706,37.4264654,-122.1757594,14.251731999999997
94,594872.0,-0.711384916678071,-1.0328754857182503,0.9600608861073852,0.00081,-0.054395933,-1.5722076999999999,0.05440195900000001,1.5731486000000001,37.426466,-122.17575910000001,14.512962000000002
95,594872.2,-0.600644204299897,-1.0536370584741235,0.9543075123801827,0.021400591,0.05039306,-1.5358353999999999,0.054748935,1.5368108999999999,37.4264661,-122.1757585,14.736529999999995
96,594872.4,-0.6112059699371457,-1.1467862334102392,1.0436734142713249,0.04103434,0.091056846,-1.6572255,0.09987575300000001,1.6602323,37.4264661,-122.17575719999999,14.998960000000004
97,594872.6,-0.5103796320036054,-1.1226303856819868,0.9360012137331069,0.000585,0.16353485,-1.5329131999999999,0.163535896,1.5416118,37.4264664,-122.1757564,15.235942999999999
98,594872.8,-0.5297218840569258,-1.2022606367245317,0.9836364481598139,-0.008808395,0.18956761,-1.6235678999999998,0.189772141,1.6346211000000002,37.4264665,-122.17575559999999,16.228413000000003
99,594873.0,-0.5824294202029705,-1.236741865053773,0.9844907931983471,-0.042925227,0.16331674,-1.6695538,0.168863652,1.6780717,37.42646679999999,-122.1757551,15.748123
100,594873.2,-0.6648050211369991,-1.2643185798078775,1.0572288860566914,-0.026006654,0.10827747,-1.7671318999999999,0.111356886,1.7706369999999998,37.42646729999999,-122.17575459999999,16.722440000000006
101,594873.4,-0.7321909568272531,-1.2396064652130008,1.1446457556448877,0.034317687,0.038081082999999995,-1.8321450000000001,0.051262777999999995,1.832862,37.4264675,-122.1757547,17.230545
102,594873.6,-0.7566089327447116,-1.155478885397315,1.0796559271402657,0.018080396999999998,-0.027386095,-1.7464258999999998,0.032816139,1.7467341,37.4264677,-122.1757539,18.008360000000003
103,594873.8,-0.6990664144977927,-1.1381764002144337,1.0600187159143388,0.030009042000000003,0.012105163,-1.6985272,0.032358578,1.6988355,37.426468299999996,-122.17575359999998,17.55146
104,594874.0,-0.7120925975032151,-1.0971187008544803,1.0799942640587687,0.062776916,-0.020784356,-1.6885781000000002,0.066128138,1.6898724999999999,37.4264681,-122.1757529,17.203329999999994
105,594874.2,-0.7288283188827336,-1.0581250144168735,0.9497637948952615,-0.026001051,-0.05571458,-1.5902983,0.06148308,1.5914863000000001,37.4264679,-122.1757523,17.422545999999997
106,594874.4,-0.7824180135503411,-1.0846987813711166,0.917299997061491,-0.08279477,-0.08692298,-1.6110931999999998,0.12004407,1.6155591999999999,37.4264681,-122.1757524,18.918169999999996
107,594874.6,-0.8310211626812816,-1.060812084004283,0.9725544918328524,-0.042357492999999996,-0.1407817,-1.6491716,0.147015797,1.6557113999999997,37.4264679,-122.1757538,17.94102
108,594874.8,-0.8704625885002315,-0.929000330157578,0.874659868888557,-0.06505862,-0.24435763,-1.5177562,0.252870074,1.5386771000000001,37.4264684,-122.1757539,17.666390000000007
109,594875.0,-0.8485880983062088,-0.9456658465787768,0.970682920422405,0.009702936,-0.21696797,-1.5780652,0.21718481899999997,1.5929403,37.4264686,-122.1757545,18.826860000000003
110,594875.2,-0.8570148735307157,-1.0207143910229206,0.9944561617448926,-0.012750583000000001,-0.18413597,-1.6465221999999997,0.18457691199999998,1.6568353999999998,37.4264684,-122.17575500000001,20.287808
111,594875.4,-0.8656856510788202,-1.1511715557426214,1.0095482971519232,-0.07067957,-0.122004494,-1.7470505,0.140998926,1.7527311,37.4264678,-122.175756,19.550922
112,594875.6,-0.8624493610113859,-1.129376484081149,0.9190736431628466,-0.13026959,-0.13087147,-1.6760465,0.184655104,1.6861877,37.426468,-122.17575659999999,20.07701
113,594875.8,-0.8579972181469202,-1.2069136863574386,1.0501388744451106,-0.06463112,-0.08581325,-1.805936,0.10742948699999999,1.8091285,37.4264678,-122.1757554,20.115950000000005
114,594876.0,-0.799233884550631,-1.272604906000197,1.1239780522882938,-0.020767175,-0.0010931530000000001,-1.8701166,0.020795926,1.8702322,37.4264676,-122.1757557,21.47569
115,594876.2,-0.8242353186942637,-1.1849306402727962,1.0731618530116975,-0.024113106000000002,-0.06894285,-1.7908741999999997,0.073038065,1.7923630000000002,37.4264674,-122.17575579999999,21.251686
116,594876.4,-0.8253831705078483,-1.1615628013387322,1.0465615740977228,-0.033588186,-0.082358174,-1.7594863,0.08894399800000001,1.7617328999999997,37.4264676,-122.1757555,21.849400000000003
117,594876.6,-0.7863089363090694,-1.1184315839782357,1.1057032058015466,0.04821085,-0.07225306,-1.7499136999999998,0.08686075800000001,1.7520682,37.4264678,-122.17575520000001,22.160956999999996
118,594876.8,-0.6196844251826406,-0.9112780150026083,0.9391099181957543,0.07640002,-0.041531496,-1.4389616000000003,0.08695877199999999,1.4415867,37.426468299999996,-122.1757551,21.94392
119,594877.0,-0.3368640183471143,-0.49272124376147985,0.5960442968644202,0.110798724,-0.025035137000000002,-0.8295227,0.11359187800000001,0.83726406,37.4264691,-122.17575670000001,22.291869999999996
120,594877.2,-0.18072781153023243,-0.0535166272893548,0.24884849647060037,0.11153963,-0.12676209,-0.2572682,0.168848208,0.3077282,37.4264701,-122.17575910000001,21.740246
121,594877.4,-0.2605512053705752,0.06097333412617445,0.1809385670349002,0.090670936,-0.25529397,-0.17279609,0.270917383,0.32133272,37.4264701,-122.1757604,22.646538000000007
122,594877.6,-0.32164256274700165,0.05165998172014952,0.09335008403286338,-0.003448043,-0.30204338,-0.15165974,0.302063056,0.33799818,37.4264698,-122.1757618,22.339689999999997
123,594877.8,-0.3131170133128762,0.06795578170567751,-0.019423576537519693,-0.08186352,-0.30350497,-0.06856333,0.314351557,0.32174188,37.42646920000001,-122.1757622,22.32662
124,594878.0,-0.2745649078860879,-0.012276307679712772,-0.05235972022637725,-0.13681434,-0.22814879999999998,-0.08617292,0.26602639,0.27963513,37.4264682,-122.17576329999999,22.838383
125,594878.2,-0.198148300871253,0.04091292805969715,-0.1716392571106553,-0.1794463,-0.19179243,0.05438643,0.262650553,0.26822227,37.426466999999995,-122.17576399999999,22.299435000000003
126,594878.4,-0.27452899934723973,0.019911865703761578,-0.18985390663146973,-0.22943360000000002,-0.24525914,0.019039437,0.33584493600000004,0.33638418,37.4264658,-122.1757644,23.259680000000003
127,594878.6,-0.3134558950550854,2.191215753555298e-05,-0.13056094525381923,-0.20517667,-0.2676159,-0.04682668,0.33721765299999995,0.34045336,37.4264644,-122.17576470000002,22.200114999999997
128,594878.8,-0.3007778003811836,-0.008724205195903778,-0.14422584604471922,-0.21642442,-0.25222746,-0.03903937,0.332352561,0.33463755,37.4264636,-122.17576509999998,23.260727000000003
129,594879.0,-0.1975906672887504,0.012976821511983871,-0.12212058948352933,-0.15431193,-0.17644400000000002,0.005749771,0.234402766,0.23447327,37.4264626,-122.17576580000001,22.379419999999996
130,594879.2,-0.14196049142628908,0.07010264322161674,-0.12379158521071076,-0.10824924,-0.15977797,0.06868895,0.19299455399999998,0.20485377,37.4264621,-122.17576609999999,21.810650000000003
131,594879.4,-0.06142828846350312,0.1500315424054861,-0.11694907303899527,-0.03563651,-0.13417739,0.15231243,0.138829149,0.20608884,37.4264614,-122.1757662,22.040672
132,594879.6,-0.07687156787142158,0.12726664263755083,-0.008240850642323494,0.033983912000000005,-0.13512620000000003,0.064413,0.139334125,0.15350255,37.426460999999996,-122.17576559999999,23.003555000000006
133,594879.8,-0.04345140140503645,0.06544975843280554,0.09433640912175179,0.09446080000000001,-0.073920205,-0.025346128,0.11994598599999999,0.12259472,37.4264607,-122.1757652,22.216843000000004
134,594880.0,-0.02044798480346799,0.1220115153118968,0.09069193573668599,0.12810701,-0.08456973,0.024615776000000002,0.153503897,0.15546505,37.42646,-122.17576340000001,21.751576
135,594880.2,-0.025155730079859495,0.04424997232854366,0.19833137094974518,0.17206243,-0.047145154,-0.09506125,0.17840443600000003,0.20215039999999998,37.4264597,-122.1757625,21.707140000000003
136,594880.4,0.027427482418715954,0.08532776962965727,0.19995819265022874,0.21150272,-0.024512295,-0.046201825,0.212918411,0.21787350000000003,37.4264601,-122.1757618,21.431625000000004
137,594880.6,0.06359786400571465,0.12466317042708397,0.2690909970551729,0.2983437,-0.014843723999999999,-0.04648074,0.298712727,0.30230737,37.42646,-122.1757608,21.878613
138,594880.8,0.05302255414426327,0.1542271189391613,0.3374799406155944,0.36443898,-0.039538164,-0.07264389,0.366577453,0.37370598,37.426460600000006,-122.1757595,21.024350000000005
139,594881.0,0.0939916823990643,0.23582755867391825,0.3983259964734316,0.46799362,-0.04831467,-0.037447963,0.470480965,0.47196895,37.426460999999996,-122.17575829999998,21.078724
140,594881.2,0.0820300062187016,0.21492158249020576,0.5010108612477779,0.5349136999999999,-0.04730649,-0.11896489,0.537001498,0.5500210999999999,37.4264619,-122.17575740000001,20.905144000000007
141,594881.4,0.16229320503771305,0.2881320957094431,0.48677047016099095,0.58724076,-0.018355949,-0.02715806,0.587527572,0.5881549,37.426463,-122.175757,20.565815
142,594881.6,0.15423443913459778,0.31754280161112547,0.4743319172412157,0.58988386,-0.040838732999999995,-0.0032375790000000004,0.5912958420000001,0.5913046999999999,37.426463899999995,-122.1757562,21.19061
143,594881.8,0.12647223146632314,0.2771521518006921,0.5089680911041796,0.5876276,-0.042828523,-0.06317721,0.58918627,0.59256375,37.4264649,-122.1757563,20.552746
144,594882.0,0.17981590703129768,0.3447784148156643,0.42832935554906726,0.5756409,-0.03368949,0.053845275,0.576625917,0.5791345,37.426466,-122.1757563,20.692867
145,594882.2,0.10481058014556766,0.2514343187212944,0.5260606370866299,0.5809615,-0.047468199999999995,-0.100012325,0.58289754,0.5914153,37.4264667,-122.17575579999999,20.56843
146,594882.4,0.10119687207043171,0.1716093961149454,0.5786970732733607,0.58052987,-0.008018825,-0.1871859,0.580585245,0.61001456,37.426468299999996,-122.1757557,20.547516
147,594882.6,0.229261239990592,0.25322477240115404,0.5966741889715195,0.6782355,0.056915835,-0.08909498,0.680619401,0.68642604,37.4264691,-122.17575430000001,19.378853
148,594882.8,0.21693443227559328,0.19977396447211504,0.6591003825888038,0.6963254,0.07494562,-0.16817501,0.700347011,0.72025603,37.4264701,-122.17575359999998,18.923893
149,594883.0,0.21935157338157296,0.1909499103203416,0.671025815885514,0.7020389,0.08169049,-0.1803317,0.7067757240000001,0.7294185999999999,37.426471299999996,-122.175753,19.859410000000004
150,594883.2,0.14875594293698668,0.2002810537815094,0.6679322435520589,0.68153507,0.016967975,-0.2020336,0.68174627,0.7110524,37.4264723,-122.17575179999999,19.459385000000005
151,594883.4,0.14178065955638885,0.1395540302619338,0.6896983473561704,0.66532445,0.0434021,-0.25903046,0.6667386160000001,0.71528816,37.4264736,-122.17575079999999,18.979847
152,594883.6,0.18962740944698453,0.06356963887810707,0.7355929045006633,0.6781688,0.12436347,-0.31776315,0.689477461,0.7591789000000001,37.4264753,-122.17575090000001,19.253346
153,594883.8,0.2304020537994802,0.05278343614190817,0.6804223586805165,0.6420036,0.16461976,-0.2742406,0.662773182,0.71726996,37.426476,-122.17575020000001,19.452582999999997
154,594884.0,0.22378138825297356,-0.006837743334472179,0.6249461211264133,0.5651359,0.19076516,-0.28340062,0.5964645270000001,0.66036797,37.4264776,-122.17575,19.545662
155,594884.25,0.15044457837939262,0.01672629825770855,0.6558165089227259,0.57803833,0.116143204,-0.3173362,0.589591016,0.66956687,37.42647879999999,-122.17574920000001,18.534805000000006
156,594884.5,0.1485643102787435,-0.11919092200696468,0.7652284353971481,0.59440076,0.18692987,-0.47598523,0.623101139,0.7841026999999999,37.4264802,-122.17574779999998,19.905422
157,594884.75,0.19335321569815278,-0.16959529742598534,0.8041455578058958,0.613873,0.25168124,-0.51457644,0.663463255,0.8396263,37.42648,-122.1757447,18.892246
158,594885.0,0.1896141623146832,-0.254125633276999,0.7500158720649779,0.5261938,0.29353023,-0.5400794,0.6025279339999999,0.80915123,37.4264814,-122.17574309999999,19.207897000000003
159,594885.1666666666,0.27418429125100374,-0.17901275400072336,0.6502464711666107,0.5129719,0.3251132,-0.39319277,0.607320943,0.723491,37.42648270000001,-122.17574240000002,18.612778
160,594885.3333333334,0.25389147410169244,-0.13947859685868025,0.572602201718837,0.4650812,0.28688437,-0.32801288,0.546445923,0.63733476,37.4264838,-122.175742,18.623764
161,594885.5,0.20383249083533883,-0.10450960695743561,0.5712965014390647,0.4658318,0.22589189999999998,-0.32488364,0.517712673,0.6112085,37.4264851,-122.1757412,18.164585000000002
162,594885.6666666666,0.1725436318665743,-0.1428533848375082,0.650378474034369,0.498783,0.21982709,-0.41195047,0.545076519,0.6832361,37.4264868,-122.1757412,18.393127999999997
163,594885.8333333334,0.15241836057975888,-0.1795758232474327,0.7360503496602178,0.5414144000000001,0.22234797,-0.4972115,0.585293225,0.76797616,37.426488299999995,-122.17574099999999,18.614875999999995
164,594886.0,0.12569359643384814,-0.23805024661123753,0.7900793896988034,0.545592,0.23086620000000002,-0.58065367,0.59242706,0.82953507,37.4264898,-122.1757412,18.096069999999997
165,594886.2,0.16117961425334215,-0.12685167789459229,0.7187838456593454,0.55765957,0.20168719,-0.44757327,0.593010894,0.7429561,37.4264917,-122.1757409,18.596047
166,594886.4,0.15024440363049507,-0.1514799240976572,0.7413394586183131,0.5593638000000001,0.20554636,-0.48246005,0.595933863,0.76674956,37.4264936,-122.1757405,18.282780000000002
167,594886.6,0.07634098548442125,-0.28768367413431406,0.6714866934344172,0.4099097,0.2155238,-0.56281245,0.46311604,0.72885823,37.4264948,-122.17574029999999,19.376103
168,594886.8,-0.13819899037480354,-0.5980457719415426,0.6728129470720887,0.18187833,0.19920589,-0.8629610999999999,0.269745645,0.9041375,37.4264958,-122.17574099999999,19.288869999999996
169,594887.0,-0.2998336753807962,-0.6921786675229669,0.6785052833147347,0.08566582,0.11252244,-0.9980474,0.141421118,1.0080171999999998,37.4264966,-122.1757405,19.662190000000002
170,594887.2,-0.24354578228667378,-0.6964195175096393,0.6224995502270758,0.05722495,0.16242394,-0.9430573,0.172209847,0.95865184,37.426497399999995,-122.1757395,18.64589
171,594887.4,-0.1893948232755065,-0.7203723257407546,0.6208937549963593,0.06115333,0.22101364,-0.9352819,0.229318025,0.9629844000000001,37.4264981,-122.17573859999999,19.927578000000004
172,594887.6,-0.20158204901963472,-0.7437548264861107,0.6485335971228778,0.06713074,0.22314970000000003,-0.9729507,0.23302859,1.0004674999999998,37.42649829999999,-122.17573859999999,20.199097000000002
173,594887.8,-0.30395128298550844,-0.6889968579635024,0.5983556099236012,0.022320458999999997,0.10734285,-0.9489395,0.109638905,0.95525223,37.4264994,-122.17573940000001,20.68728
174,594888.0,-0.4295545192435384,-0.6133898878470063,0.5954158874228597,0.018229201,-0.039232153,-0.9494484000000001,0.04326044,0.9504334999999999,37.4265,-122.1757408,20.428955000000002
175,594888.2,-0.5800447356887162,-0.6031551361083984,0.6156440451741219,-0.009145826,-0.1720602,-1.0185031,0.172303106,1.0329747,37.426500700000005,-122.17574209999998,21.745995
176,594888.4,-0.5424872911535203,-0.46586305368691683,0.515488410834223,-0.005903956,-0.21338114,-0.8494679,0.21346280399999998,0.87587786,37.42650089999999,-122.1757442,20.899777
177,594888.6,-0.47415106324478984,-0.37702129036188126,0.3995889159850776,-0.030126909,-0.20284972,-0.6904153000000001,0.20507471,0.72022843,37.426501,-122.1757453,20.64654
178,594888.8,-0.4710300983861089,-0.43530869390815496,0.3981027426198125,-0.06028049,-0.16916907,-0.7273713,0.17958816600000002,0.74921346,37.4265005,-122.17574599999999,21.55746
179,594889.0,-0.39693553885445,-0.328947595320642,0.22803257405757904,-0.11664652,-0.16309302,-0.5211857,0.200513689,0.5584266,37.42649960000001,-122.17574669999999,21.886818000000005
180,594889.2,-0.43957475246861577,-0.263200368732214,0.14661381905898452,-0.16128254,-0.23419517,-0.4455423,0.284357939,0.5285522,37.4264992,-122.1757489,21.154900000000005
181,594889.4,-0.4678013357333839,-0.19612185284495354,0.057799671310931444,-0.20644225,-0.29380712,-0.35841459999999997,0.35908359700000003,0.50734806,37.4264986,-122.17575020000001,22.22034
182,594889.6,-0.4539197273552418,-0.2594180228188634,0.023082224652171135,-0.26207992,-0.24835120000000002,-0.37399068,0.361059842,0.51983964,37.4264981,-122.1757513,21.754555000000003
183,594889.8,-0.45592496870085597,-0.3126813219860196,0.053248998709023,-0.26617143,-0.22168489,-0.42897433,0.34639778,0.5513714,37.4264977,-122.17575249999999,21.984630000000003
184,594890.0,-0.4098943886347115,-0.3397966017946601,0.04941936116665602,-0.2682639,-0.16828437,-0.42540714,0.316678307,0.5303361,37.4264972,-122.17575249999999,22.25363
185,594890.2,-0.40441375924274325,-0.36124725732952356,0.1629216680303216,-0.1873886,-0.15222263,-0.50648826,0.241425384,0.56108516,37.4264964,-122.17575169999999,22.619568
186,594890.4,-0.20473252795636654,-0.2685724012553692,0.13252477208152413,-0.09923168,-0.032559406,-0.3412785,0.104436784,0.3569006,37.4264958,-122.175752,22.817494000000003
187,594890.6,-0.1568201445043087,-0.3153920955955982,0.1426322408951819,-0.09978329400000001,0.032926835,-0.35863042,0.10507560199999999,0.37370664,37.426495,-122.1757524,22.51229
188,594890.8,-0.19832692900672555,-0.4684320166707039,0.1430240198969841,-0.19162987,0.07929096,-0.4792901,0.20738627,0.5222337,37.4264941,-122.17575149999999,23.459766000000002
189,594891.0,-0.04006803501397371,-0.3371030995622277,-0.09277870180085301,-0.26011428,0.14330958,-0.18078116,0.29697992300000003,0.34767643,37.4264937,-122.1757522,22.11904
190,594891.2,-0.13506647804751992,-0.41446815337985754,-0.0224620895460248,-0.2748153,0.1040992,-0.3156919,0.293870872,0.43130204,37.426493,-122.17575190000001,23.375060000000005
191,594891.4,-0.15499433083459735,-0.49243577755987644,-0.013913906179368496,-0.31458327,0.12875092,-0.38172176,0.33991091700000003,0.5111271,37.4264924,-122.1757503,24.02097
192,594891.6,-0.13952874997630715,-0.5199700398370624,-0.023693958297371864,-0.33150855,0.15650374,-0.38774547,0.366594241,0.5336084,37.4264917,-122.1757503,24.095080000000003
193,594891.8,-0.033094958402216434,-0.33117128536105156,-0.2978726690635085,-0.4176781,0.14605294,-0.04920053,0.442477622,0.44520462,37.426490799999996,-122.17575049999999,23.378273
194,594892.0,-0.11707377107813954,-0.3885565232485533,-0.3404194787144661,-0.50816363,0.10553021,-0.097429305,0.519005675,0.52807134,37.4264898,-122.1757504,24.507694
195,594892.2,-0.11015570955350995,-0.3046759506687522,-0.4972551898099482,-0.58732444,0.066718005,0.057194203,0.591101764,0.5938623000000001,37.426488899999995,-122.17575079999999,23.548300000000005
196,594892.4,-0.26623586751520634,-0.3431850438937545,-0.5724357832223177,-0.71734995,-0.044884577,0.010995521999999999,0.7187527779999999,0.71883684,37.4264874,-122.1757507,24.497887000000006
197,594892.6,-0.40323512395843863,-0.3431510478258133,-0.7407792275771499,-0.89535713,-0.16086154,0.05539259999999999,0.9096927359999999,0.91137767,37.42648629999999,-122.1757514,23.545882999999996
198,594892.8,-0.41503961104899645,-0.19951932691037655,-1.0450567035004497,-1.0669292,-0.24733935,0.3318683,1.095223606,1.1444,37.4264846,-122.17575190000001,23.986187
199,594893.0,-0.49677656264975667,-0.23712142929434776,-1.13207525620237,-1.1818291,-0.29649937,0.32491264,1.2184547159999999,1.2610313999999998,37.426482899999996,-122.175753,24.22368
200,594893.2,-0.5499785067513585,-0.22968575358390808,-1.2263094861991704,-1.2700566,-0.34549016,0.36468244,1.31620941,1.3657967,37.4264804,-122.1757531,23.801567
201,594893.4,-0.5560261937789619,-0.23542918264865875,-1.3372539984993637,-1.363073,-0.34755057,0.42569023,1.406683834,1.4696841,37.4264782,-122.1757537,23.629425000000005
202,594893.6,-0.5590606541372836,-0.24795498605817556,-1.367245311383158,-1.3943155,-0.3434488,0.43421456,1.435991906,1.500205,37.426475599999996,-122.17575479999999,22.965775
203,594893.8,-0.5647430466488004,-0.1900762878358364,-1.4845554428175092,-1.4595412,-0.37907985,0.54201037,1.5079661869999998,1.602416,37.4264738,-122.17575559999999,22.032948000000005
204,594894.0,-0.5929260835982859,-0.3108328580856323,-1.3906984711065888,-1.4562452,-0.33862966,0.39188215,1.495098689,1.545604,37.426471,-122.17575690000001,22.902930000000005
205,594894.2,-0.6850826400332153,-0.47534387093037367,-1.3463753289543092,-1.5354972,-0.32902795,0.2153937,1.5703537969999999,1.5850568999999999,37.4264681,-122.17575719999999,23.105255
206,594894.4,-0.6423150957562029,-0.5412781881168485,-1.3817483470775187,-1.5836641000000002,-0.25771755,0.21065830000000002,1.604496868,1.6182667,37.426465,-122.1757571,22.721993000000005
207,594894.6,-0.6020203079096973,-0.6499586356803775,-1.3777970396913588,-1.6233913999999998,-0.16573712,0.15224542,1.631829728,1.6389164,37.4264619,-122.17575659999999,22.699192000000004
208,594894.8,-0.569605203345418,-0.7495508166030049,-1.298282492440194,-1.6009864999999999,-0.08526586,0.05068607,1.60325548,1.6040565,37.4264588,-122.1757562,22.937256000000005
209,594895.0,-0.5515979966148734,-0.8615333260968328,-1.2019168096594512,-1.5762361,-0.010391674,-0.0755358,1.576270421,1.5780792,37.426456,-122.17575670000001,22.657303
210,594895.2,-0.41701707569882274,-0.756265508942306,-1.2975573898293078,-1.5544821000000002,0.04746341,0.110259816,1.555206519,1.5591102,37.4264533,-122.175757,22.084717000000005
211,594895.4,-0.39832704328000546,-0.8579320972785354,-1.2024833806790411,-1.5252298999999998,0.117422156,-0.007954238,1.529743232,1.5297638999999998,37.426450200000005,-122.1757564,22.079628
212,594895.6,-0.4259445811621845,-1.0097879953682423,-1.061401607003063,-1.5002458,0.17491189999999998,-0.20744793,1.5104077390000001,1.5245872,37.4264473,-122.17575590000001,23.436590000000002
213,594895.8,-0.3932528770528734,-0.972837065346539,-1.0327132530510426,-1.4478754999999999,0.18290582,-0.18622084,1.459382806,1.471216,37.426444599999996,-122.17575479999999,22.921738000000005
214,594896.0,-0.37168651446700096,-0.9713914897292852,-0.9973961422219872,-1.4121058000000002,0.20039022,-0.19759275,1.426253484,1.4398757,37.4264419,-122.1757545,23.252426
215,594896.2,-0.31524786865338683,-0.8169981176033616,-1.0518034929409623,-1.3576261,0.16594398,-0.036881167,1.367730256,1.3682273999999999,37.426439,-122.17575420000001,23.65827
216,594896.4,-0.28332768101245165,-0.7383776921778917,-1.08945989375934,-1.336757,0.15109518,0.052349254000000005,1.345269076,1.3462873,37.4264364,-122.17575359999998,22.90227
217,594896.6,-0.33621957432478666,-0.7844905108213425,-0.9653362105600536,-1.2790246,0.13088228,-0.0764492,1.2857037340000002,1.2879746,37.4264341,-122.1757539,22.690376
218,594896.8,-0.26430049538612366,-0.6316169062629342,-1.0177489472553134,-1.2187327,0.110348284,0.08857513,1.2237182,1.2269197,37.426432,-122.17575349999998,22.603138
219,594897.0,-0.2975665256381035,-0.696844570338726,-0.8725484339520335,-1.1477437,0.11692607,-0.05758150000000001,1.1536842440000001,1.1551204,37.4264299,-122.1757534,22.887546999999998
220,594897.2,-0.21754400059580803,-0.5522930650040507,-0.961275621317327,-1.1179487,0.107682645,0.12734571,1.123122768,1.1303192,37.426428,-122.1757534,23.284165
221,594897.4,-0.26474610064178705,-0.5614010617136955,-0.8912256509065628,-1.0822811,0.07258002,0.0586899,1.084712044,1.0862987,37.426426,-122.17575359999998,23.705819999999996
222,594897.6,-0.2478762329556048,-0.47197250463068485,-0.9404989732429385,-1.0699484,0.039236825,0.15588072,1.070667681,1.0819557,37.4264239,-122.17575359999998,23.094
223,594897.8,-0.3156025465577841,-0.5353798922151327,-0.8530074949376285,-1.0550042,0.015677424,0.031447064,1.0551207040000001,1.0555892,37.4264219,-122.1757539,23.378872
224,594898.0,-0.2979863160289824,-0.4667695239186287,-0.9024254269897938,-1.0532538,-0.005948006,0.11504804,1.053270589,1.0595353,37.4264201,-122.1757539,23.172405000000005
225,594898.2,-0.24425411969423294,-0.4068665215745568,-0.9175745653919876,-1.0170801999999999,0.007632643000000001,0.18724258,1.017108831,1.0342003,37.426418299999995,-122.17575430000001,23.03284
226,594898.4,-0.24911097157746553,-0.3477951092645526,-0.9442229573614895,-1.0094277,-0.027934793,0.24109009,1.009814145,1.0381950999999998,37.426416700000004,-122.17575490000002,22.64394
227,594898.6,-0.2721663061529398,-0.38894832227379084,-0.8725474942475557,-0.9811388000000001,-0.025534516,0.16011797,0.9814710320000001,0.99444616,37.4264149,-122.1757557,22.585396000000003
228,594898.8,-0.2589045539498329,-0.41228361055254936,-0.8347123102284968,-0.9588045000000001,-0.0018830829999999998,0.12704684,0.958806319,0.96718687,37.426413000000004,-122.1757557,22.04696
229,594899.0,-0.21103657549247146,-0.39036827720701694,-0.8644902221858501,-0.95568705,0.026963037000000002,0.18011785,0.9560673120000001,0.97288597,37.4264116,-122.17575559999999,21.974815
230,594899.2,-0.21716856583952904,-0.48661860078573227,-0.800997531041503,-0.9567617,0.073027685,0.07424084,0.959544715,0.9624125,37.42641,-122.17575559999999,22.212673000000002
231,594899.4,-0.21717322384938598,-0.6278563430532813,-0.7373400642536581,-0.9788643,0.14823517,-0.059384316,0.990024763,0.9918041999999999,37.4264085,-122.1757557,22.843098000000005
232,594899.6,-0.17720538284629583,-0.6643464714288712,-0.7805644115433097,-1.019026,0.20149633,-0.040740587,1.038756419,1.0395550999999998,37.426406899999996,-122.1757554,22.93457
233,594899.8,-0.11569596221670508,-0.7031880272552371,-0.8447713754139841,-1.0700887,0.27424288,-0.001815664,1.104671447,1.1046729,37.426405100000004,-122.1757557,22.91314
234,594900.0,-0.17395205050706863,-0.8137440709397197,-0.8228771081194282,-1.1284261,0.2838067,-0.114070065,1.163568481,1.1691465,37.4264031,-122.1757554,23.00775
235,594900.2,-0.13426443608477712,-0.7270085299387574,-0.9219957101158798,-1.1496779,0.27121097,0.021253128,1.181234343,1.1814256,37.4264009,-122.17575479999999,22.965940000000003
236,594900.4,-0.08503340976312757,-0.5524432016536593,-1.0569028602913022,-1.1510818,0.21992216,0.24139893,1.171902313,1.1965066999999998,37.4263987,-122.1757544,22.551415
237,594900.6,-0.13574647530913353,-0.5395892411470413,-1.0560746677219868,-1.1602244,0.17015268,0.22808965,1.172634896,1.1946118000000001,37.4263968,-122.1757539,21.63919
238,594900.8,-0.14205676084384322,-0.4195325830951333,-1.1225413447245955,-1.1532921,0.10087938,0.34651428,1.15769564,1.2084416999999998,37.4263947,-122.1757537,22.64969
239,594901.0,-0.23676299303770065,-0.47543060313910246,-1.0596364978700876,-1.1627417,0.050484784000000005,0.23066106,1.163837129,1.1864743,37.4263929,-122.1757531,21.794980000000002
240,594901.2,-0.319624993018806,-0.6150083551183343,-0.9165789722464979,-1.1477516,0.054676216,0.014857343,1.149053188,1.1491493,37.4263908,-122.17575320000002,22.808075000000002
241,594901.4,-0.3136067148298025,-0.5717670824378729,-1.0064756204374135,-1.1949502,0.036743514,0.101102024,1.1955149859999998,1.1997824,37.426388700000004,-122.175753,22.500187000000004
242,594901.6,-0.2981543173082173,-0.5862686717882752,-0.9873028970323503,-1.1821833000000002,0.057545062,0.086237036,1.183582973,1.1867205,37.426386799999996,-122.1757524,22.882305000000002
243,594901.8,-0.25520801078528166,-0.6203733263537288,-0.9260337194427848,-1.1371722,0.11205695,0.044238467000000004,1.14267995,1.143536,37.4263847,-122.1757511,22.06212
244,594902.0,-0.21885143220424652,-0.6511227004230022,-0.894687132909894,-1.1163303,0.15920442,0.019893765,1.127625528,1.1278011000000001,37.426382399999994,-122.1757513,23.036503000000003
245,594902.2,-0.21883388794958591,-0.6021841410547495,-0.9901863448321819,-1.1669893999999998,0.13315868,0.11083527,1.174561841,1.1797796,37.4263805,-122.1757521,23.026047
246,594902.4,-0.32184315379709005,-0.6785578392446041,-0.9286891208030283,-1.1907768,0.08663987,-0.02143687,1.193924591,1.1941171,37.426378299999996,-122.1757524,21.911034
247,594902.6,-0.3395039443857968,-0.6227718964219093,-1.0009216200560331,-1.225158,0.041984495,0.052491065,1.225877169,1.2270005,37.426376,-122.1757527,22.233060000000002
248,594902.8,-0.3800387536175549,-0.6134777143597603,-1.0261879870668054,-1.2535603000000002,0.0027257320000000002,0.05695209,1.253563237,1.2548563,37.426374100000004,-122.17575320000002,22.15412
249,594903.0,-0.39551690220832825,-0.6070793680846691,-1.007980838418007,-1.2408193,-0.013782502,0.043642044000000005,1.240895877,1.2416631,37.4263719,-122.17575330000001,23.312492
250,594903.2,-0.4456038628704846,-0.6290070237591863,-0.9643419925123453,-1.2336538000000001,-0.04450025,-0.01879953,1.23445612,1.2345992000000001,37.426369799999996,-122.17575349999998,22.468296000000002
251,594903.4,-0.4481105380691588,-0.5881022531539202,-0.9889231738634408,-1.2329441,-0.06840441400000001,0.02257444,1.234840257,1.2350466,37.4263674,-122.1757539,22.06212
252,594903.6,-0.46737025305628777,-0.5754528418183327,-0.9785992694087327,-1.2244716999999998,-0.091442235,0.016657981999999998,1.227881336,1.2279943000000002,37.4263651,-122.17575459999999,22.330289999999998
253,594903.8,-0.4684440949931741,-0.5478666462004185,-0.9784350441768765,-1.2104983,-0.10704126,0.034646668,1.215221776,1.2157156,37.4263625,-122.17575520000001,21.703490000000002
254,594904.0,-0.536143537145108,-0.6500056544318795,-0.8743962193839252,-1.2023284,-0.10995269,-0.1258664,1.20734557,1.2138886,37.426360200000005,-122.175756,22.678440000000002
255,594904.2,-0.47397474525496364,-0.5571746602654457,-0.9234764901921153,-1.1734319,-0.10676584,-0.007349475,1.17827896,1.1783019,37.4263578,-122.17575670000001,21.711857000000002
256,594904.4,-0.5087969885207713,-0.6197572592645884,-0.8412141618318856,-1.1515672,-0.102913804,-0.11413598,1.1561566909999998,1.1617768,37.4263556,-122.17575749999999,22.558212000000005
257,594904.6,-0.4579711970873177,-0.5260997219011188,-0.8889177138917148,-1.1248232,-0.10976804,-0.000697,1.130166535,1.1301668,37.4263535,-122.17575790000001,22.675826999999998
258,594904.8,-0.4799373634159565,-0.5231091184541583,-0.8952342811971903,-1.13541,-0.12995318,-0.004137201,1.142822605,1.1428301,37.4263515,-122.1757584,22.57389
259,594905.0,-0.48472619289532304,-0.5480799488723278,-0.8683339026756585,-1.1284425,-0.12070916,-0.039295524,1.134880283,1.1355604,37.4263494,-122.1757594,22.602642000000003
260,594905.2,-0.4919412126764655,-0.539120084606111,-0.8344490132294595,-1.0992594,-0.13158737,-0.05691746,1.107107236,1.1085694,37.4263474,-122.1757598,21.866078
261,594905.4,-0.4506472898647189,-0.4963787570595741,-0.8221062631346285,-1.0541071000000002,-0.119395845,-0.018226516,1.060847343,1.0610038999999998,37.42634520000001,-122.1757602,21.741656999999996
262,594905.6,-0.4075865335762501,-0.4539882503449917,-0.8543154182843864,-1.0439436,-0.10552202,0.04805194,1.04926318,1.0503628,37.426343100000004,-122.1757605,21.56861
263,594905.8,-0.3980746939778328,-0.4468502402305603,-0.8620678833685815,-1.0433499,-0.10127212,0.06158386,1.048253305,1.0500607,37.426341,-122.17576059999999,23.002525000000006
264,594906.0,-0.38135800836607814,-0.44912534207105637,-0.8477470530197024,-1.0277375,-0.08591126,0.05842051,1.0313220140000001,1.0329753000000002,37.42633920000001,-122.17576059999999,21.76361
265,594906.2,-0.41797059355303645,-0.4829895431175828,-0.7822931315749884,-1.0050274,-0.098867625,-0.019604264,1.0098786579999999,1.0100689,37.426337100000005,-122.1757604,21.922539999999998
266,594906.4,-0.38318942254409194,-0.4188978374004364,-0.8180373148061335,-0.9891875,-0.10355805,0.05990813,0.994593429,0.99639606,37.426335200000004,-122.17576059999999,21.88176
267,594906.6,-0.3963968940079212,-0.47480972576886415,-0.7477963506244123,-0.96644264,-0.08496311,-0.025947966,0.9701701490000001,0.9705171,37.4263334,-122.1757612,22.713986000000006
268,594906.8,-0.40704436833038926,-0.5127109019085765,-0.6922336402349174,-0.94526094,-0.07379234,-0.08969459,0.948136894,0.95237005,37.4263315,-122.1757618,22.638187000000002
269,594907.0,-0.3449925957247615,-0.42842207197099924,-0.7668230421841145,-0.9410540999999999,-0.066155694,0.038534082000000004,0.943376592,0.94416326,37.4263296,-122.175762,21.677875999999998
270,594907.2,-0.35850773425772786,-0.4753704722970724,-0.716042032931,-0.92925173,-0.052594375,-0.029600467999999998,0.930738928,0.9312094999999999,37.4263279,-122.1757628,22.882305000000002
271,594907.4,-0.36525518354028463,-0.5091992057859898,-0.6565137398429215,-0.90156376,-0.04029119,-0.09137050000000001,0.902463633,0.90707725,37.426325899999995,-122.17576319999999,22.457848
272,594907.6,-0.29749649902805686,-0.43046928104013205,-0.7252915874123573,-0.89375436,-0.024863892999999998,0.032003097,0.894100135,0.8946726999999999,37.4263239,-122.17576319999999,21.7725
273,594907.8,-0.34083201410248876,-0.4742431240156293,-0.6866671615280211,-0.8996238000000001,-0.03823363,-0.03922023,0.9004359040000001,0.90128964,37.4263221,-122.17576319999999,22.167717000000003
274,594908.0,-0.3193847634829581,-0.4289992321282625,-0.7174868038855493,-0.8938839,-0.044173375,0.018991604,0.894974678,0.8951761999999999,37.426320399999994,-122.17576329999999,21.626640000000002
275,594908.2,-0.35705770133063197,-0.481475249864161,-0.6537785562686622,-0.8824773000000001,-0.048116144000000007,-0.07093096,0.8837880509999999,0.8866299000000001,37.4263185,-122.17576340000001,22.229405
276,594908.4,-0.37732324562966824,-0.46504759788513184,-0.6604578224942088,-0.88588965,-0.074017294,-0.06439958,0.888976395,0.8913059999999999,37.4263167,-122.1757637,22.746395
277,594908.6,-0.3564714780077338,-0.3794932784512639,-0.7391333882696927,-0.8976105,-0.101927035,0.04974003,0.9033790690000001,0.90474737,37.426314899999994,-122.1757638,22.332381999999996
278,594908.8,-0.3581449957564473,-0.3707946054637432,-0.7303216615691781,-0.88667977,-0.10797572,0.04952403,0.893229941,0.89460176,37.4263132,-122.17576409999998,22.015590000000003
279,594909.0,-0.3938682391308248,-0.41760312765836716,-0.6737642455846071,-0.8774055000000001,-0.113286264,-0.031418636,0.884688789,0.8852465,37.426311600000005,-122.1757644,22.999912000000002
280,594909.2,-0.363002123311162,-0.35069298930466175,-0.7204172750934958,-0.8700459,-0.12279133,0.054962374,0.8786680790000001,0.8803854,37.4263101,-122.17576499999998,22.321930000000002
281,594909.4,-0.44019733229652047,-0.4438760941848159,-0.6190124223940074,-0.8624339,-0.13850933,-0.10194568,0.873485583,0.87941456,37.426308500000005,-122.17576499999998,22.205875000000006
282,594909.6,-0.41524245543405414,-0.4204901186749339,-0.6257710275240242,-0.8476950000000001,-0.12984045,-0.07156569,0.857581087,0.860562,37.4263068,-122.17576509999998,22.10394
283,594909.8,-0.3698653425090015,-0.3939021360129118,-0.656956528313458,-0.84409785,-0.10559091,-0.015551772,0.8506765740000001,0.85081875,37.4263052,-122.1757653,23.79649
284,594910.0,-0.4178980104625225,-0.4893793351948261,-0.5883957082405686,-0.8543105,-0.09540352,-0.14170857,0.8596210129999999,0.8712231,37.426303499999996,-122.1757655,23.129547000000002
285,594910.2,-0.31567775271832943,-0.334801958873868,-0.771382543258369,-0.8870289000000001,-0.09119729,0.11663063,0.8917046409999999,0.8992996999999999,37.4263019,-122.17576580000001,22.605255
286,594910.4,-0.38337044371291995,-0.4749001022428274,-0.6875587995164096,-0.9144367,-0.07388914,-0.057108976,0.91741706,0.91919285,37.426300399999995,-122.1757662,22.991024000000003
287,594910.6,-0.39243421889841557,-0.5301160579547286,-0.6767218108288944,-0.93716747,-0.05215749,-0.10464256,0.938617739,0.9444328000000002,37.426298700000004,-122.17576640000001,22.92046
288,594910.8,-0.43605427304282784,-0.6606836440041661,-0.6253455178812146,-0.97764957,-0.019548967,-0.24207622,0.977845014,1.0073638,37.4262971,-122.17576670000001,23.214222
289,594911.0,-0.39767419220879674,-0.6408409783616662,-0.6892510647885501,-1.0057708,0.00237014,-0.17366986,1.005773567,1.0206575,37.426295,-122.1757672,22.950256000000003
290,594911.2,-0.33256843453273177,-0.5428306506946683,-0.8255082638934255,-1.0424896000000001,0.005284815,0.0025517129999999997,1.042503053,1.0425062,37.4262932,-122.1757679,22.799713000000004
291,594911.4,-0.3129233797080815,-0.4814339755102992,-0.8972976673394442,-1.0615593,-0.010781967,0.095757954,1.06161406,1.0659239999999999,37.4262912,-122.1757683,22.877075000000005
292,594911.6,-0.40698092756792903,-0.5543207069858909,-0.8281159563921392,-1.0745533999999999,-0.051580735,-0.03505497,1.075790642,1.0763617,37.426288799999995,-122.17576840000001,23.449955000000003
293,594911.8,-0.3891221657395363,-0.406758701428771,-0.9455551258288324,-1.0861292,-0.11504393,0.14305697,1.092204992,1.1015339,37.426286700000006,-122.1757692,23.033367000000005
294,594912.0,-0.38823798950761557,-0.3069099746644497,-0.9926869855262339,-1.0719092,-0.16746664,0.23919028,1.084912152,1.1109664,37.4262848,-122.1757699,21.96541
295,594912.2,-0.42161565041169524,-0.3355271676555276,-0.8481764467433095,-0.9826716000000001,-0.18047902,0.118014224,0.9991077079999999,1.0060533999999999,37.4262826,-122.17577,22.725487
296,594912.4,-0.3202234082855284,-0.25602785870432854,-0.6731519945897162,-0.7699699999999999,-0.13699333,0.10795888,0.7820619940000001,0.78947836,37.4262804,-122.1757706,22.687850000000005
297,594912.6,-0.1535500311292708,-0.09412523452192545,-0.31503066467121243,-0.34834915,-0.08213353,0.06962322,0.357900893,0.36461,37.4262782,-122.17577050000001,23.393505000000005
298,594912.8,-0.10010373080149293,-0.14206925500184298,-0.051035949029028416,-0.14606789999999997,-0.011364551,-0.10044263,0.146509334,0.17763363,37.42627720000001,-122.1757701,23.372597
299,594913.0,0.06413891818374395,-0.04519647918641567,-0.041583774611353874,-0.035575196,0.0760673,0.02838423,0.083975168,0.0886425,37.4262766,-122.17576979999998,23.644394000000005
300,594913.2,0.14077572710812092,-0.022984023205935955,-0.056803715880960226,-0.011433376,0.1291057,0.08497346,0.129610975,0.15498224,37.42627589999999,-122.1757696,22.21633
301,594913.4,0.13987099984660745,-0.048108745366334915,-0.06243949290364981,-0.02912605,0.14171925,0.07112789,0.144681279,0.16121988,37.4262755,-122.17576909999998,22.40034
302,594913.6,0.15864430414512753,0.016140789724886417,-0.09465574054047465,-0.015583996000000001,0.123395406,0.14183274,0.124375591,0.18864202,37.4262749,-122.1757689,23.292626
303,594913.8,0.11700019845739007,0.029893523082137108,-0.07253831624984741,-0.004422758,0.08082346,0.12002435,0.080944377,0.14476822,37.4262741,-122.1757689,22.555594999999997
304,594914.0,0.07212332729250193,0.018926444463431835,-0.029170661699026823,0.009851730999999999,0.048678945999999994,0.06731825,0.049665847,0.0836567,37.4262738,-122.17576840000001,22.549324000000006
305,594914.2,0.04358735354617238,-0.030578178353607655,0.04552661255002022,0.034470614,0.050887565999999995,-0.023421625,0.061463545999999994,0.06577492,37.4262735,-122.17576809999998,22.886486000000005
306,594914.4,0.14947927929461002,0.1496328031644225,-0.10605066223070025,0.04106995,0.04455125,0.23461145,0.060593355999999994,0.24230991,37.4262731,-122.1757685,22.212153999999998
307,594914.6,0.18199741141870618,0.24431778211146593,-0.1719973129220307,0.04793005,0.021653922000000003,0.35208607,0.052594505,0.35599267,37.426272600000004,-122.17576869999999,22.495483
308,594914.8,0.157205605879426,0.28081096801906824,-0.15788046550005674,0.06988957,-0.018763572,0.35755208,0.072364517,0.36480147,37.426272499999996,-122.17576880000001,22.991024000000003
309,594915.0,0.15683551412075758,0.365470158867538,-0.1852251160889864,0.09160373,-0.06415924,0.43091947,0.111837614,0.44519573,37.426272600000004,-122.1757703,22.242469999999997
310,594915.2,0.09620116092264652,0.3828678419813514,-0.1542282784357667,0.105545506,-0.12474589999999998,0.39813393,0.163405608,0.43036264,37.42627279999999,-122.1757716,22.9628
311,594915.4,0.10837021889165044,0.43205585703253746,-0.19838266680017114,0.09972199,-0.1406392,0.46317735,0.172406091,0.49422374,37.426272999999995,-122.17577279999999,23.10864
312,594915.6,0.1448804521933198,0.5329359406605363,-0.28182465117424726,0.097167246,-0.16345653,0.59713703,0.190156545,0.6266835,37.426272999999995,-122.1757742,21.867123
313,594915.8,0.25728715350851417,0.7210093792527914,-0.4497288060374558,0.096953765,-0.1684655,0.8731325999999999,0.19437247100000002,0.8945061,37.4262736,-122.17577479999999,21.515810000000002
314,594916.0,0.2969795106910169,0.6409036349505186,-0.38155032554641366,0.12273543,-0.09221148,0.79463834,0.153515285,0.80933124,37.4262737,-122.175775,21.177600000000005
315,594916.2,0.43584169168025255,0.753797659650445,-0.4648422319442034,0.15960445,-0.034793735,0.97986573,0.163352942,0.99338865,37.4262739,-122.17577539999999,20.409650000000006
316,594916.4,0.6143718594685197,0.9735536752268672,-0.6530561647377908,0.1809598,-0.0007059999999999999,1.3174633999999998,0.180961189,1.3298333999999998,37.4262739,-122.17577539999999,20.661747
317,594916.6,0.5923629971221089,0.9101635031402111,-0.6387984589673579,0.15255120000000003,0.014421578999999999,1.2568821000000001,0.153231364,1.2661881000000001,37.4262739,-122.1757753,20.537280000000003
318,594916.8,0.6504203635267913,0.9800188895314932,-0.8111919588409364,0.07037119,0.026363328,1.4331597,0.075147384,1.4351286,37.426273200000004,-122.17577479999999,20.183918000000006
319,594917.0,0.6541711087338626,0.999571512453258,-0.9377364926040173,-0.01885015,0.019125938000000002,1.5247952,0.026853857999999998,1.5250317,37.42627279999999,-122.17577390000001,20.072944999999997
320,594917.2,0.6901248637586832,0.936418317258358,-0.9353743563406169,-0.03782486,0.08318802,1.4961143999999997,0.09138362300000001,1.4989027,37.426272600000004,-122.1757735,19.9155
321,594917.4,0.7579372939653695,1.055339933373034,-1.0829510744661093,-0.071899995,0.07725807,1.6944158999999999,0.105538707,1.6976995,37.4262718,-122.1757736,19.017830000000004
322,594917.6,0.8786801192909479,1.0991163365542889,-1.180835091508925,-0.08803763,0.15614551,1.8343903000000001,0.17925413399999998,1.8431277,37.426271899999996,-122.1757726,18.33694
323,594917.8,0.9809739924967289,1.125852563418448,-1.1805696249939501,-0.04096779,0.22849157,1.8954592000000001,0.23213521899999998,1.909621,37.426270200000005,-122.17577109999999,17.777053999999993
324,594918.0,0.9017339451238513,1.1243695467710495,-1.25068876799196,-0.12305934,0.16221097,1.9035671000000003,0.20360746300000002,1.9144251,37.4262686,-122.1757706,18.387234
325,594918.2,0.7369655771180987,1.0145218493416905,-1.1445174552500248,-0.14857613,0.0812435,1.6955271,0.16933804,1.7039623,37.426267200000005,-122.17577040000002,17.312379999999997
326,594918.4,0.70827891305089,1.1010622968897223,-1.1631897874176502,-0.12817146,0.010878328999999999,1.7529137,0.128632269,1.757627,37.4262662,-122.17576969999999,17.108510000000003
327,594918.6,0.7218304350972176,1.0205371724441648,-1.0630222163163126,-0.085661985,0.06522956,1.6436417,0.107670194,1.6471646,37.4262649,-122.17576869999999,16.99611
328,594918.8,0.713036750908941,0.9446075307205319,-0.9411194967105985,-0.030759625,0.0982202,1.5147997,0.10292406,1.5182923000000002,37.426263899999995,-122.17576740000001,16.617863000000007
329,594919.0,0.7861568578518927,0.9532427815720439,-0.8996977037750185,0.030240946,0.15551208,1.5263518999999999,0.158425128,1.5345517,37.4262627,-122.1757666,16.76842
330,594919.2,0.7461347174830735,0.9406363647431135,-0.8164361100643873,0.07692439999999999,0.12834968,1.4503516,0.149636234,1.4580503999999999,37.4262623,-122.17576580000001,15.357616999999998
331,594919.4,0.6879266682080925,0.8736534900963306,-0.7477700305171311,0.078159906,0.11475073,1.3389808,0.138840559,1.3461598,37.4262609,-122.17576559999999,15.925050000000006
332,594919.6,0.6496403585188091,0.9440234005451202,-0.719649841543287,0.12429907,0.044871308,1.3530006,0.13215026800000002,1.3594389999999998,37.426260799999994,-122.17576399999999,14.93601600000001
333,594919.8,0.7480415985919535,0.9628587961196899,-0.7017225809395313,0.1800707,0.11812989,1.3963788000000001,0.21536045399999998,1.4128885,37.426260600000006,-122.17576319999999,15.494240000000005
334,594920.0,0.7310558664612472,0.914658228866756,-0.6660461146384478,0.17811073,0.12942043,1.3351146,0.22016603399999998,1.3531461,37.426260299999996,-122.1757626,14.135290000000005
335,594920.2,0.7479802160523832,1.0530212800949812,-0.7313428805209696,0.20290853,0.070064925,1.4749589,0.214664775,1.4904982,37.426260799999994,-122.17576240000001,14.413405999999995
336,594920.4,0.6560430466197431,1.1245124880224466,-0.6411821749061346,0.2815297,-0.045822747000000004,1.4293393,0.28523445399999997,1.4575216999999998,37.4262612,-122.1757618,14.575540000000004
337,594920.6,0.586781844496727,0.9908325877040625,-0.5155583615414798,0.29011068,-0.033260036,1.2338468,0.292011018,1.2679307,37.4262612,-122.1757603,15.055392999999995
338,594920.8,0.6221939702518284,1.1054514003917575,-0.6194432303309441,0.27803347,-0.064322926,1.3890008999999999,0.285377025,1.4180138999999998,37.4262618,-122.1757608,13.457650000000001
339,594921.0,0.6148276510648429,1.2026394819840789,-0.6468334491364658,0.30389217,-0.12231218,1.4678589,0.327583138,1.5039681999999999,37.4262626,-122.1757601,13.438705999999996
340,594921.2,0.5037084645591676,1.0129192173480988,-0.47249359218403697,0.308786,-0.11533647,1.1873896000000002,0.329622959,1.2322928,37.4262632,-122.17575990000002,13.836132
341,594921.4,0.5674645309336483,1.1407987605780363,-0.5969195105135441,0.29639092,-0.12947005,1.3759271999999998,0.323434801,1.4134305,37.4262641,-122.1757597,13.199832999999998
342,594921.6,0.5049393675290048,0.9985675876960158,-0.497866281773895,0.28165250000000003,-0.10665213,1.1936835,0.301169071,1.2310902,37.4262645,-122.1757592,13.676540000000003
343,594921.8,0.5361078595742583,1.0529554216191173,-0.6247923248447478,0.21892095,-0.109232925,1.3205607,0.24465938399999998,1.3430334,37.4262649,-122.17575890000002,13.066531999999995
344,594922.0,0.46502568991854787,1.0853090323507786,-0.6962683936581016,0.15579776,-0.1866271,1.3556871000000001,0.243110298,1.3773127,37.426264399999994,-122.1757585,12.073040000000006
345,594922.2,0.4054940026253462,1.0522514106705785,-0.7596015338785946,0.06923131,-0.21941216,1.3467818,0.230075355,1.3662928,37.4262645,-122.17575910000001,13.060179999999995
346,594922.4,0.415372300427407,0.9930637516081333,-0.7261240044608712,0.068567365,-0.17953257,1.2908293,0.19218072100000003,1.305057,37.426265,-122.1757594,11.675995
347,594922.6,0.3865208472125232,0.8782620942220092,-0.6477963919751346,0.06237791,-0.14281923,1.153859,0.155847155,1.1643362,37.4262646,-122.17576059999999,11.992752000000003
348,594922.8,0.34069605451077223,0.8650265159085393,-0.6128278067335486,0.06850871,-0.17455807,1.1043317,0.187520562,1.1201395,37.426265,-122.17576090000001,11.643160000000002
349,594923.0,0.3337654978968203,0.8662615204229951,-0.5653351414948702,0.10461654,-0.18108189,1.0733676,0.209129791,1.0935508,37.426264700000004,-122.175762,11.324722000000001
350,594923.2,0.31591796362772584,0.904111628420651,-0.6111148279160261,0.08195565,-0.21634420000000001,1.1190841,0.23134722,1.142747,37.426264200000006,-122.1757622,11.134174000000002
351,594923.4,0.3453552769497037,0.9183685947209597,-0.6226918790489435,0.08962271,-0.19901995,1.1481518,0.21826858,1.1687145,37.426264,-122.1757627,10.263790000000007
352,594923.6,0.3061150275170803,0.8188125109300017,-0.506676176097244,0.11784287,-0.17921841,0.9941310999999999,0.214490513,1.0170068,37.426264,-122.17576340000001,9.952095
353,594923.8,0.4351690374314785,0.47760225646197796,-0.5442272271029651,-0.045732167000000004,0.111715525,0.8421768,0.12071366800000001,0.85078406,37.426264,-122.1757642,10.445369999999997
354,594924.0,0.3758632126264274,0.5548044433817267,-0.5000235703773797,0.009891355,0.020406473,0.8421255,0.022677369,0.8424308,37.4262636,-122.17576480000001,10.810932000000001
355,594924.2,0.4065742609091103,0.46994329150766134,-0.6025695656426251,-0.1052578,0.09159087,0.86039346,0.13952810300000001,0.8716335,37.426264700000004,-122.17576570000001,10.754919999999998
356,594924.4,0.42037126747891307,0.5736981378868222,-0.6055658292025328,-0.049799904000000006,0.04801776,0.9377899,0.069179011,0.9403379999999999,37.426264399999994,-122.1757662,8.722900000000003
357,594924.6,0.5052519510500133,0.8572483006864786,-0.7069487157277763,0.043018844,-0.031132702,1.2258937,0.05310241,1.2270434,37.4262646,-122.17576729999999,10.239669999999997
358,594924.8,0.4984922669827938,0.9696281785145402,-0.7088520382530987,0.097128615,-0.09669837,1.2997302,0.137056716,1.3069365,37.4262646,-122.17576840000001,10.697216000000004
359,594925.0,0.38753525679931045,0.932646730914712,-0.566732813604176,0.15505728,-0.17092133,1.1415778,0.230774483,1.1646702,37.426265,-122.1757693,9.038333999999999
360,594925.2,0.3733652853406966,0.9960003141313791,-0.5410571251995862,0.2034508,-0.21665189999999998,1.1625656,0.29720408600000003,1.1999538,37.426265,-122.1757702,9.142450000000004
361,594925.4,0.3775195125490427,0.9558618571609259,-0.4830992962233722,0.230174,-0.19176129,1.102119,0.299587158,1.1421115,37.4262662,-122.1757706,8.669113000000003
362,594925.6,0.3068845793604851,0.7764549190178514,-0.3592213178053498,0.21340169,-0.15601093,0.87637025,0.26434766600000004,0.91537124,37.4262661,-122.17577150000001,9.049440000000004
363,594925.8,0.33361375890672207,0.7564373752102256,-0.4603539891541004,0.1314422,-0.12272715599999999,0.9356813,0.17983049399999998,0.9528056,37.426266399999996,-122.17577150000001,8.545783999999998
364,594926.0,0.45795965660363436,0.5411877846345305,-0.5880828462541103,-0.040474754,0.09714561,0.92120796,0.105240084,0.9271999,37.4262667,-122.1757717,8.932857999999996
365,594926.2,0.48808449506759644,0.5798047557473183,-0.6040196330286562,-0.023516456,0.10207969,0.96959007,0.104753457,0.97523236,37.4262665,-122.1757729,7.821335000000005
366,594926.4,0.5034514586441219,0.5032151844352484,-0.6682928744703531,-0.10898286,0.15587179999999998,0.96366906,0.190192745,0.9822583,37.426266399999996,-122.17577299999999,8.058846000000003
367,594926.6,0.5039264834485948,0.5776306753978133,-0.6561917397193611,-0.060939413,0.116646394,1.0065354,0.131605448,1.0151027,37.426266399999996,-122.17577320000001,8.034313000000004
368,594926.8,0.44439840549603105,0.5817455342039466,-0.6194357695057988,-0.04889886,0.06406943,0.9617893,0.080597704,0.9651603999999999,37.426266399999996,-122.17577340000001,7.731895999999999
369,594927.0,0.3381288764066994,0.5793949784711003,-0.5786925945430994,-0.052144893,-0.024627475,0.8905076999999999,0.057668037000000005,0.89237297,37.4262661,-122.17577450000002,7.225975000000005
370,594927.2,0.2713907170109451,0.6081228340044618,-0.546182079706341,-0.03314814,-0.09641402,0.8618368000000001,0.101953241,0.86784625,37.4262661,-122.17577549999999,7.653990000000007
371,594927.4,0.2879560519941151,0.5962694818153977,-0.497956779319793,0.004412827,-0.07608069,0.831566,0.076208555,0.83505076,37.4262661,-122.175776,6.506290000000007
372,594927.6,0.26961297262459993,0.44560038670897484,-0.3413947890512645,0.045302305,-0.011372853999999998,0.6273840999999999,0.046708038,0.6291204,37.4262667,-122.1757769,6.311325000000011
373,594927.8,0.23726280638948083,0.42736375611275434,-0.22613726137205958,0.11698148,-0.029043363,0.5313984,0.12053291,0.5448967,37.4262662,-122.17577709999999,7.055626000000004
374,594928.0,0.2354213735088706,0.33935706038028,-0.18042135518044233,0.10741884,0.016263029,0.44368067,0.10864296400000001,0.45678859999999993,37.426266,-122.1757777,7.268410000000003
375,594928.2,0.19967058207839727,0.25169531162828207,-0.22788953827694058,0.013058865,0.032684185,0.39848697,0.035196447,0.40003833,37.4262659,-122.1757777,6.2890000000000015
376,594928.4,0.210746836848557,0.21415621135383844,-0.1801182720810175,0.035269905,0.062049534,0.34890565,0.071373041,0.35613096,37.4262657,-122.17577779999999,7.125019999999999
377,594928.6,0.18621169589459896,0.18067916203290224,-0.16140200477093458,0.024971907999999998,0.05910959,0.30465305,0.064168061,0.31133747,37.4262648,-122.17577800000001,6.064620000000005
378,594928.8,0.13144305953755975,0.15675193071365356,-0.18691233126446605,-0.02531998,0.025493987000000003,0.28091258,0.035931111,0.28320122,37.426264700000004,-122.17577779999999,6.311610000000002
379,594929.0,0.1538082961924374,0.13182008732110262,-0.16410382743924856,-0.012793948000000001,0.05770098,0.25975043,0.059102354,0.2663895,37.4262643,-122.17577759999999,6.003659999999996
380,594929.2,0.17856802977621555,0.12721520476043224,-0.10644476162269711,0.038639326,0.08111028,0.23208384,0.08984361,0.248867,37.4262638,-122.1757775,6.97983
381,594929.4,0.11995867127552629,0.11146264616400003,-0.08506092801690102,0.028549758999999997,0.039890666,0.18371429999999997,0.049054602999999995,0.19015072,37.4262635,-122.17577759999999,5.947620000000001
382,594929.6,0.07903274660930037,0.09234431758522987,-0.07135394681245089,0.01635533,0.015430986,0.14522608,0.022485822000000003,0.14695655,37.426263399999996,-122.17577730000001,6.1524
383,594929.8,0.0938965673558414,0.08521415200084448,-0.055699681863188744,0.02992953,0.031808946,0.13720536,0.043675919,0.14398922,37.426263299999995,-122.17577709999999,5.824010000000001
384,594930.0,0.07674951665103436,0.03200066927820444,-0.04049065476283431,0.009084805,0.045632402999999995,0.08494237,0.046527945999999994,0.09685069,37.4262631,-122.1757767,6.22833
385,594930.2,0.017057256773114204,0.0368688041344285,-0.07218065578490496,-0.032895497999999995,-0.007484659,0.08223079,0.033736241,0.08888215,37.4262627,-122.17577630000001,6.266559999999998
386,594930.4,0.009262500330805779,0.0038431184366345406,-0.09930123388767242,-0.073944114,0.003504428,0.07321797,0.07402710900000001,0.10411957,37.4262627,-122.1757767,5.834490000000002
387,594930.6,0.030552214942872524,0.0479425024241209,-0.1389202568680048,-0.07583182,-0.001959189,0.13594165,0.075857127,0.15567413,37.4262626,-122.175777,5.998950000000008
388,594930.8,0.24156151711940765,0.36576126981526613,-0.39731587236747146,-0.049254622000000005,0.00739949,0.5958416999999999,0.049807330999999996,0.5979198,37.4262625,-122.17577730000001,5.401350000000008
389,594931.0,0.379579390399158,0.5485649248585105,-0.5631247977726161,-0.042226385,0.026874565,0.8778524,0.050053071,0.8792781999999999,37.4262624,-122.17577779999999,6.093734999999995
390,594931.2,0.3380711651407182,0.5687854662537575,-0.5734662148170173,-0.05347073,-0.019026583,0.8801756,0.05675499999999999,0.8820034999999999,37.4262626,-122.1757787,6.090069999999997
391,594931.4,0.2833573129028082,0.44424949027597904,-0.48453082516789436,-0.064613536,0.00098,0.71927845,0.06462097,0.7221754,37.4262626,-122.17577990000001,6.090584000000007
392,594931.6,0.26738554425537586,0.4206096241250634,-0.3992317523807287,-0.014204218999999999,4.98e-05,0.64479417,0.014204306000000002,0.64495057,37.426262799999996,-122.17578020000002,5.232550000000003
393,594931.8,0.3268694682046771,0.34364392329007387,-0.3612662646919489,-0.0043952159999999995,0.091383666,0.59514195,0.091489297,0.60213304,37.4262624,-122.175781,5.3970099999999945
394,594932.0,0.2870511463843286,0.3218652307987213,-0.30769840348511934,0.014055148,0.06927817,0.5311087,0.070689548,0.53579235,37.426262200000004,-122.17578119999999,5.489716000000001
395,594932.2,0.2515110787935555,0.25557937659323215,-0.29291032208129764,-0.019800974,0.07449467,0.46253648,0.077081346,0.46891528,37.4262626,-122.1757814,5.482900000000001
396,594932.4,0.25119103910401464,0.2892288491129875,-0.2635639985091984,0.02070984,0.056304883,0.46718425,0.059992812,0.47102043,37.4262627,-122.1757818,5.626419999999996
397,594932.6,0.17486898973584175,0.2903048237785697,-0.26355670066550374,-0.00343126,-0.008868572,0.4356273,0.009509212,0.43573108,37.4262624,-122.1757825,4.4951500000000095
398,594932.8,0.16088271886110306,0.2855336042121053,-0.26034391624853015,-0.007860655,-0.018166073,0.42455304,0.01979384,0.4250142,37.4262625,-122.17578229999998,4.884590000000003
399,594933.0,0.1881109937094152,0.24856832344084978,-0.21797371516004205,0.015583733999999998,0.024565095,0.3854704,0.029091178,0.38656658,37.4262626,-122.17578259999999,4.2863900000000115
400,594933.2,0.16452677780762315,0.24406186118721962,-0.1843809182755649,0.032310087,0.0070027169999999994,0.35205197,0.033060245,0.35360086,37.4262625,-122.1757827,4.02919
401,594933.4,0.14282068982720375,0.23109589703381062,-0.17614969611167908,0.025152177999999997,-0.004465152,0.32915490000000003,0.025545442999999998,0.3301447,37.426262799999996,-122.1757831,4.644165000000001
402,594933.6,0.11756986565887928,0.2308507664129138,-0.1598298354074359,0.029814206,-0.025707409,0.30839354,0.039366963,0.310896,37.4262625,-122.1757831,4.474969999999999
403,594933.8,0.09983092173933983,0.2130537796765566,-0.17100150138139725,0.0060466140000000005,-0.03124481,0.29571885,0.031824514,0.29742637,37.4262629,-122.17578300000001,5.00873
404,594934.0,0.08949135476723313,0.2201566221192479,-0.15782197332009673,0.016820428999999998,-0.043778803,0.28811090000000006,0.04689894,0.29190308,37.4262627,-122.1757832,3.9066100000000006
405,594934.2,0.09260682156309485,0.2093411348760128,-0.17709233984351158,-0.003038092,-0.035382386,0.29386999999999996,0.035512579,0.29600796,37.426262799999996,-122.17578359999999,4.183199999999999
406,594934.4,0.11129097081720829,0.17295774538069963,-0.19560657953843474,-0.03040989,-0.000193,0.28856742,0.030410502000000002,0.2901654,37.426262799999996,-122.17578370000001,3.60539
407,594934.6,0.14382051583379507,0.14213087316602468,-0.19743305211886764,-0.037190236,0.043756462999999995,0.28271294,0.057425965999999995,0.2884863,37.4262627,-122.1757841,3.081504999999993
408,594934.8,0.1657846411690116,0.13562538474798203,-0.19595599407330155,-0.03225539,0.06581161,0.28673086,0.073291053,0.2959496,37.4262626,-122.17578400000001,3.538330000000002
409,594935.0,0.19760386645793915,0.14852175768464804,-0.1293125730007887,0.037600104,0.085876495,0.26835328,0.09374721300000001,0.28425696,37.4262623,-122.17578390000001,3.2391999999999967
410,594935.2,0.2080995012074709,0.1660080263391137,-0.07490315660834312,0.09320021,0.08544848,0.25147852,0.126442565,0.28147677,37.4262619,-122.1757838,2.2159699999999987
411,594935.4,0.26920503890141845,0.18884186632931232,-0.041960455011576414,0.15088278,0.12501001,0.27264687,0.195941618,0.33575204,37.4262618,-122.1757835,0.6995100000000036
412,594935.6,0.05588123481720686,0.08657816518098116,-0.06241839379072189,0.012992595,-0.001094337,0.1261292,0.013038601,0.12680134,37.4262618,-122.1757832,1.8821999999999974
413,594935.8,0.019683644641190767,-0.009151900187134743,0.018489934969693422,0.016285663,0.019245151000000002,-0.0026967659999999997,0.025211082000000003,0.025354905,37.426261700000005,-122.17578329999999,2.61469000000001
