week,seconds of week [s],pr [m],SV,sat x ECEF [m],sat y ECEF [m],sat z ECEF [m],idk wtf this is
2092,594853.4,24578565.7245147,4,1489744.30511779,-25104713.6150763,-8500949.69877029,-4.93E-05
2092,594853.4,23517215.0028321,5,-22096586.0438643,4091583.68312597,14172712.2151565,-7.66E-06
2092,594853.4,20833120.9642432,7,-4616874.17820359,-15826217.0108142,21020058.3562646,-0.000215250536257
2092,594853.4,22244846.3365176,8,8005104.87523493,-18317893.1010392,17389881.0356778,-2.39E-05
2092,594853.4,21911263.3673484,9,-6889375.68974678,-25604774.8450088,1346715.22776401,-0.000156392650994
2092,594853.4,24355667.9508491,11,12029661.1365323,-23546092.8417299,3336109.29499762,-0.000360121683575
2092,594853.4,23860025.8565446,23,-557139.560023132,-25212722.8147168,-7329962.94774796,-0.000136053178219
2092,594853.4,24214320.2797464,27,13371254.1732541,-7118409.48673626,21658635.0177097,-0.000212148243127
2092,594853.4,21548144.5435378,28,-22510219.3860462,-13254394.2524369,4942296.17721585,0.000738972091645
2092,594853.4,21095908.8188477,30,-14652804.3569234,-7638240.79130364,20856340.6370659,-0.000154004032746
2092,594854.4,24579280.4505329,4,1490197.26747309,-25103696.7735129,-8503872.37858103,-4.93E-05
2092,594854.4,23517296.2161454,5,-22098268.2127726,4090861.1098536,14170339.7612122,-7.66E-06
2092,594854.4,20833172.1980824,7,-4614846.18298369,-15827872.5855774,21019198.3402509,-0.000215250542752
2092,594854.4,22245020.2104871,8,8005764.08007783,-18315777.1065263,17391833.333444,-2.39E-05
2092,594854.4,21911807.185934,9,-6889114.90257331,-25605017.39799,1343562.75259562,-0.000156392659673
2092,594854.4,24355255.1135979,11,12029865.556926,-23545495.0301537,3339115.01567351,-0.000360121671541
2092,594854.4,23860694.4092867,23,-556564.729061644,-25211841.6471831,-7332932.40559482,-0.000136053179392
2092,594854.4,24214806.547514,27,13371892.2288463,-7115704.8146435,21659159.1592623,-0.000212148255794
2092,594854.4,21547754.5311713,28,-22509621.8808145,-13254381.2021877,4945439.62801608,0.000738972089578
2092,594854.4,21095656.6981018,30,-14650824.6809493,-7639998.47409894,20857068.612123,-0.000154004041118
2092,594855.4,24579956.1578642,4,1490650.35458865,-25102679.5964851,-8506794.87754614,-4.93E-05
2092,594855.4,23517371.7755883,5,-22099950.1349176,4090138.71668822,14167967.0059906,-7.66E-06
2092,594855.4,20833173.6988012,7,-4612818.35677749,-15829528.209706,21018337.8846066,-0.000215250549247
2092,594855.4,22245188.0815818,8,8006423.46459121,-18313660.9130759,17393785.2585324,-2.39E-05
2092,594855.4,21912357.0073946,9,-6888854.04070995,-25605259.5797286,1340410.24886564,-0.000156392668352
2092,594855.4,24354835.7150647,11,12030069.8751682,-23544896.8777109,3342120.6660822,-0.000360121659507
2092,594855.4,23861367.4292844,23,-555989.760344035,-25210960.1427444,-7335901.7019925,-0.000136053180566
2092,594855.4,24215300.5980786,27,13372530.4613437,-7113000.11998529,21659682.8332179,-0.000212148268459
2092,594855.4,21547351.2915398,28,-22509024.0158071,-13254368.0284577,4948582.97402416,0.000738972087511
2092,594855.4,21095397.9811736,30,-14648845.0292802,-7641756.32467198,20857796.1459192,-0.00015400404949
2092,594856.4,24580643.4172397,4,1491103.56618693,-25101662.0842127,-8509717.19511168,-4.93E-05
2092,594856.4,23517462.1677161,5,-22101631.8101237,4089416.50370667,14165593.9497038,-7.66E-06
2092,594856.4,20833215.5095229,7,-4610790.70053676,-15831183.8825622,21017476.9896055,-0.000215250555743
2092,594856.4,22245358.8145122,8,8007083.02878257,-18311544.5208073,17395736.8108451,-2.39E-05
2092,594856.4,21912903.0596081,9,-6888593.10397086,-25605501.390274,1337257.71653709,-0.00015639267703
2092,594856.4,24354424.8322378,11,12030274.0912689,-23544298.384435,3345126.2460098,-0.000360121647475
2092,594856.4,23862034.6209095,23,-555414.653681721,-25210078.3014058,-7338870.83697844,-0.00013605318174
2092,594856.4,24215797.8245829,27,13373168.8707765,-7110295.40273938,21660206.0395748,-0.000212148281125
2092,594856.4,21546963.7920047,28,-22508425.7911359,-13254354.7312032,4951726.214872,0.000738972085445
2092,594856.4,21095144.4993107,30,-14646865.4020505,-7643514.34291877,20858523.23841,-0.000154004057862
2092,594857.4,24581328.4429873,4,1491556.90242958,-25100644.2366783,-8512639.33134706,-4.93E-05
2092,594857.4,23517546.6965709,5,-22103313.2384765,4088694.47071085,14163220.5922415,-7.66E-06
2092,594857.4,20833230.2026062,7,-4608763.21357636,-15832839.6045429,21016615.6550704,-0.00021525056224
2092,594857.4,22245531.187763,8,8007742.77268963,-18309427.9297673,17397687.9903472,-2.39E-05
2092,594857.4,21913452.6018651,9,-6888332.09234193,-25605742.8296199,1334105.15575638,-0.000156392685709
2092,594857.4,24354006.6203195,11,12030478.2053884,-23543699.5502325,3348131.75554927,-0.000360121635443
2092,594857.4,23862702.2662402,23,-554839.40907098,-25209196.123219,-7341839.81042177,-0.000136053182915
2092,594857.4,24216295.4698924,27,13373807.4571528,-7107590.66293644,21660728.7783273,-0.00021214829379
2092,594857.4,21546572.8722269,28,-22507827.2066885,-13254341.310597,4954869.35069176,0.00073897208338
2092,594857.4,21094886.3756899,30,-14644885.7992291,-7645272.52890786,20859249.8896026,-0.000154004066235
2092,594858.4,24582006.4188469,4,1492010.36330036,-25099626.0539042,-8515561.2862366,-4.93E-05
2092,594858.4,23517622.0815115,5,-22104994.4199303,4087972.61773419,14160846.9336291,-7.66E-06
2092,594858.4,20833242.6271612,7,-4606735.89625791,-15834495.3754134,21015753.8810885,-0.000215250568737
2092,594858.4,22245699.1984594,8,8008402.69630198,-18307311.1399936,17399638.7970365,-2.39E-05
2092,594858.4,21913999.8406935,9,-6888071.00582854,-25605983.8977622,1330952.56653015,-0.000156392694388
2092,594858.4,24353594.2367738,11,12030682.2173988,-23543100.3752047,3351137.19450425,-0.000360121623412
2092,594858.4,23863378.7064807,23,-554264.026634083,-25208313.6082386,-7344808.62217366,-0.000136053184089
2092,594858.4,24216783.3430799,27,13374446.2204789,-7104885.90057203,21661251.049483,-0.000212148306455
2092,594858.4,21546164.0834261,28,-22507228.2624348,-13254327.7666881,4958012.38156869,0.000738972081316
2092,594858.4,21094629.8574891,30,-14642906.2209531,-7647030.88249367,20859976.0994656,-0.000154004074607
2092,594859.4,24582699.9952012,4,1492463.94869618,-25098607.5360065,-8518483.05950238,-4.93E-05
2092,594859.4,23517722.0712592,5,-22106675.3542177,4087250.94498972,14158472.9741809,-7.66E-06
2092,594859.4,20833255.0866167,7,-4604708.74862346,-15836151.1951138,21014891.6676806,-0.000215250575235
2092,594859.4,22245867.5581601,8,8009062.79962785,-18305194.1515774,17401589.2308447,-2.39E-05
2092,594859.4,21914541.7397552,9,-6887809.84433138,-25606224.5947237,1327799.9488882,-0.000156392703066
2092,594859.4,24353174.4194354,11,12030886.1274555,-23542500.8592636,3354142.56294914,-0.000360121611382
2092,594859.4,23864054.6232146,23,-553688.506228412,-25207430.7564704,-7347777.27226571,-0.000136053185265
2092,594859.4,24217278.789662,27,13375085.1606903,-7102181.11591034,21661772.8530027,-0.000212148319119
2092,594859.4,21545779.9343328,28,-22506628.958577,-13254314.0993247,4961155.30699681,0.000738972079253
2092,594859.4,21094367.1270108,30,-14640926.6672001,-7648789.40373689,20860701.8680032,-0.00015400408298
2092,594860.4,24583378.145563,4,1492917.6590101,-25097588.6828979,-8521404.65137942,-4.93E-05
2092,594860.4,23517805.4134991,5,-22108356.041575,4086529.45203168,14156098.7136257,-7.66E-06
2092,594860.4,20833287.1601169,7,-4602681.77084962,-15837807.0634801,21014029.0149204,-0.000215250581733
2092,594860.4,22246032.7419213,8,8009723.08279265,-18303076.9645147,17403539.2917503,-2.39E-05
2092,594860.4,21915091.5612157,9,-6887548.60777685,-25606464.9205103,1324647.3030426,-0.000156392711745
2092,594860.4,24352764.3044181,11,12031089.9356018,-23541901.0024303,3357147.86064313,-0.000360121599352
2092,594860.4,23864724.9558789,23,-553112.847658306,-25206547.5679373,-7350745.76067696,-0.00013605318644
2092,594860.4,24217771.3395079,27,13375724.2778526,-7099476.308836,21662294.1888937,-0.000212148331784
2092,594860.4,21545389.6078624,28,-22506029.2948896,-13254300.3088328,4964298.12722789,0.000738972077191
2092,594860.4,21094106.0019526,30,-14638947.1380594,-7650548.0925966,20861427.195179,-0.000154004091353
2092,594861.4,24584070.1513976,4,1493371.49390795,-25096569.4947324,-8524326.06151976,-4.93E-05
2092,594861.4,23517918.246607,5,-22110036.4816209,4085808.13932927,14153724.1523803,-7.66E-06
2092,594861.4,20833306.7392612,7,-4600654.96273029,-15839462.9806452,21013165.9227312,-0.000215250588232
2092,594861.4,22246208.8146183,8,8010383.54561006,-18300959.5790423,17405488.9796205,-2.39E-05
2092,594861.4,21915648.0486594,9,-6887287.29626224,-25606704.8750908,1321494.62904778,-0.000156392720423
2092,594861.4,24352337.7861961,11,12031293.6419066,-23541300.8046408,3360153.0877838,-0.000360121587323
2092,594861.4,24563242.967521,13,-13149661.1505713,10598931.9911453,20354492.5092204,-1.26E-05
2092,594861.4,23865395.0791405,23,-552537.05108097,-25205664.0426843,-7353714.08728796,-0.000136053187616
2092,594861.4,24218261.3067216,27,13376363.5719151,-7096771.47950479,21662815.0571454,-0.000212148344448
2092,594861.4,21544995.756448,28,-22505429.2714624,-13254286.3951164,4967440.84216791,0.00073897207513
2092,594861.4,21093860.2679864,30,-14636967.6337501,-7652306.94882182,20862152.0809435,-0.000154004099727
2092,594862.4,24584763.0646436,4,1493825.45362271,-25095549.9714883,-8527247.28999244,-4.93E-05
2092,594862.4,23517991.5026211,5,-22111716.6747772,4085087.0062383,14151349.2899448,-7.66E-06
2092,594862.4,20833325.4458946,7,-4598628.32436534,-15841118.9464995,21012302.3911607,-0.000215250594731
2092,594862.4,22246375.6037994,8,8011044.18830132,-18298841.9950066,17407438.2945489,-2.39E-05
2092,594862.4,21916188.6913054,9,-6887025.90948357,-25606944.458554,1318341.92672863,-0.000156392729102
2092,594862.4,24351923.5529274,11,12031497.2463175,-23540700.2659826,3363158.24402504,-0.000360121575295
2092,594862.4,24562597.6235685,13,-13149984.439697,10596337.6896584,20355635.3813622,-1.26E-05
2092,594862.4,23866072.4267923,23,-551961.116423209,-25204780.1807657,-7356682.25196442,-0.000136053188793
2092,594862.4,24218759.3708363,27,13377003.0428573,-7094066.62806396,21663335.4577302,-0.000212148357111
2092,594862.4,21544613.0382725,28,-22504828.8883179,-13254272.3582332,4970583.45160293,0.000738972073069
2092,594862.4,21093589.6500097,30,-14634988.1539547,-7654065.97281728,20862876.5253794,-0.0001540041081
2092,594863.4,24585439.6444858,4,1494279.53826295,-25094530.1131408,-8530168.33689843,-4.93E-05
2092,594863.4,23518083.4652686,5,-22113396.6205943,4084366.0532454,14148974.1268359,-7.66E-06
2092,594863.4,20833344.8505368,7,-4596601.85585341,-15842774.9609656,21011438.4202308,-0.000215250601231
2092,594863.4,22246547.9072494,8,8011705.0107389,-18296724.2126259,17409387.2363952,-2.39E-05
2092,594863.4,21916736.034835,9,-6886764.44761626,-25607183.6708339,1315189.19639463,-0.00015639273778
2092,594863.4,24351509.4941609,11,12031700.7488968,-23540099.3864187,3366163.32941956,-0.000360121563268
2092,594863.4,24561902.9304003,13,-13150307.8940462,10593743.2628767,20356777.8151655,-1.26E-05
2092,594863.4,23866742.0963483,23,-551385.043590502,-25203895.9821728,-7359650.25478321,-0.000136053189969
2092,594863.4,24219252.1300849,27,13377642.6907054,-7091361.75445825,21663855.3906606,-0.000212148369775
2092,594863.4,21544208.2281214,28,-22504228.1453125,-13254258.1983617,4973725.95581026,0.00073897207101
2092,594863.4,21093334.7721293,30,-14633008.6990952,-7655825.16412827,20863600.5283712,-0.000154004116474
2092,594864.4,24586112.0711762,4,1494733.74775757,-25093509.9197706,-8533089.20205917,-4.93E-05
2092,594864.4,23518165.3067897,5,-22115076.3192086,4083645.28011887,14146598.6628745,-7.66E-06
2092,594864.4,20833360.1369275,7,-4594575.55719243,-15844431.0240209,21010574.0099425,-0.000215250607732
2092,594864.4,22246715.8132445,8,8012366.01299345,-18294606.2318767,17411335.8051843,-2.39E-05
2092,594864.4,21917280.1675246,9,-6886502.91056053,-25607422.5119571,1312036.43800612,-0.000156392746458
2092,594864.4,24351094.28368,11,12031904.1496792,-23539498.1659432,3369168.34391935,-0.000360121551241
2092,594864.4,24561223.5934237,13,-13150631.5133873,10591148.7116416,20357919.8103601,-1.26E-05
2092,594864.4,23867411.2074973,23,-550808.832620562,-25203011.4469574,-7362618.09561035,-0.000136053191147
2092,594864.4,24219741.7133938,27,13378282.5154397,-7088656.85879219,21664374.8559234,-0.000212148382438
2092,594864.4,21543808.8973387,28,-22503627.0425961,-13254243.9153886,4976868.35443765,0.000738972068951
2092,594864.4,21093077.5559199,30,-14631029.2690784,-7657584.52288317,20864324.0899471,-0.000154004124847
2092,594865.4,24586799.5050539,4,1495188.08204851,-25092489.391482,-8536009.88522507,-4.93E-05
2092,594865.4,23518254.9311081,5,-22116755.7704574,4082924.68693324,14144222.8982543,-7.66E-06
2092,594865.4,20833384.4276306,7,-4592549.42853131,-15846087.135534,21009709.1603497,-0.000215250614233
2092,594865.4,22246887.8723914,8,8013027.19506002,-18292488.0528829,17413284.0008193,-2.39E-05
2092,594865.4,21917825.486829,9,-6886241.29825067,-25607660.981933,1308883.65167691,-0.000156392755136
2092,594865.4,24350678.1657878,11,12032107.4487511,-23538896.6045265,3372173.28745711,-0.000360121539215
2092,594865.4,24560583.5543374,13,-13150955.2976651,10588554.0362796,20359061.36683,-1.26E-05
2092,594865.4,23868076.7588019,23,-550232.483403222,-25202126.5751455,-7365585.77440903,-0.000136053192324
2092,594865.4,24220236.6713698,27,13378922.5170338,-7085951.94121683,21664893.8534937,-0.0002121483951
2092,594865.4,21543428.7617954,28,-22503025.5802116,-13254229.5093364,4980010.64727479,0.000738972066894
2092,594865.4,21092817.3382729,30,-14629049.8639401,-7659344.04908304,20865047.2100925,-0.000154004133221
2092,594866.4,24587495.3499365,4,1495642.54129553,-25091468.5282803,-8538930.38639885,-4.93E-05
2092,594866.4,23518355.4094618,5,-22118434.9742798,4082204.27362786,14141846.8330507,-7.66E-06
2092,594866.4,20833397.9689996,7,-4590523.46965507,-15847743.2955965,21008843.8714111,-0.000215250620734
2092,594866.4,22247062.0953653,8,8013688.55702043,-18290369.6756658,17415231.8232723,-2.39E-05
2092,594866.4,21918374.1565751,9,-6885979.61058271,-25607899.0807824,1305730.83749733,-0.000156392763814
2092,594866.4,24350259.3954625,11,12032310.6462324,-23538294.7021187,3375178.15998763,-0.00036012152719
2092,594866.4,24559929.7295792,13,-13151279.2471153,10585959.2361917,20360202.4847531,-1.26E-05
2092,594866.4,23868749.5344966,23,-549655.995917315,-25201241.366802,-7368553.29100697,-0.000136053193502
2092,594866.4,24220732.850861,27,13379562.6955165,-7083247.00171497,21665412.3833688,-0.000212148407763
2092,594866.4,21543036.0969958,28,-22502423.7579526,-13254214.9804931,4983152.83458878,0.000738972064837
2092,594866.4,21092571.5345058,30,-14627070.4838618,-7661103.74257194,20865769.8887496,-0.000154004141596
2092,594867.4,24588190.147806,4,1496097.1255622,-25090447.3301673,-8541850.70561077,-4.93E-05
2092,594867.4,23518444.0216675,5,-22120113.9307663,4081484.04004573,14139470.467134,-7.66E-06
2092,594867.4,20833430.2170019,7,-4588497.68094577,-15849399.5039518,21007978.1432272,-0.000215250627237
2092,594867.4,22247232.5490922,8,8014350.0988961,-18288251.1002484,17417179.2725416,-2.39E-05
2092,594867.4,21918923.2451265,9,-6885717.84753742,-25608136.8085066,1302577.99550227,-0.000156392772492
2092,594867.4,24349855.7370257,11,12032513.7420073,-23537692.4588225,3378182.96126977,-0.000360121515166
2092,594867.4,24559237.3747401,13,-13151603.3618202,10583364.3111762,20361343.1641992,-1.26E-05
2092,594867.4,23869426.6378453,23,-549079.370150588,-25200355.8219503,-7371520.64536804,-0.00013605319468
2092,594867.4,24221229.4840578,27,13380203.0508703,-7080542.04037331,21665930.4455403,-0.000212148420425
2092,594867.4,21542640.5354601,28,-22501821.5758913,-13254200.3288164,4986294.91621394,0.000738972062781
2092,594867.4,21092306.0817936,30,-14625091.1286257,-7662863.60361004,20866492.1259845,-0.00015400414997
2092,594868.4,24588863.6564099,4,1496551.83499199,-25089425.7971058,-8544770.84299201,-4.93E-05
2092,594868.4,23518538.6367481,5,-22121792.6397364,4080763.9863483,14137093.8007003,-7.66E-06
2092,594868.4,20833464.279827,7,-4586472.06229766,-15851055.760648,21007111.9757662,-0.00021525063374
2092,594868.4,22247406.6324644,8,8015011.8206177,-18286132.3267781,17419126.3485354,-2.39E-05
2092,594868.4,21919468.4597296,9,-6885456.00908733,-25608374.1651091,1299425.12571818,-0.00015639278117
2092,594868.4,24349434.1397651,11,12032716.7362832,-23537089.874492,3381187.69156683,-0.000360121503142
2092,594868.4,24558574.7550721,13,-13151927.641521,10580769.2621393,20362483.4048825,-1.26E-05
2092,594868.4,23870086.3607772,23,-548502.605941487,-25199469.9405625,-7374487.83763712,-0.000136053195859
2092,594868.4,24221728.5253848,27,13380843.5830658,-7077837.05731725,21666448.0399943,-0.000212148433087
2092,594868.4,21542249.7901845,28,-22501219.034092,-13254185.5542728,4989436.89199926,0.000738972060726
2092,594868.4,21092058.6726065,30,-14623111.7986243,-7664623.63177793,20867213.9216895,-0.000154004158344
2092,594869.4,24589548.8566596,4,1497006.6693832,-25088403.9292532,-8547690.79816147,-4.93E-05
2092,594869.4,23518638.3472922,5,-22123471.1011471,4080044.11249624,14134716.8337919,-7.66E-06
2092,594869.4,20833473.4237411,7,-4584446.61345864,-15852712.0658129,21006245.3689661,-0.000215250640243
2092,594869.4,22247578.272806,8,8015673.72225061,-18284013.355257,17421073.0512537,-2.39E-05
2092,594869.4,21920023.5162555,9,-6885194.09527222,-25608611.150566,1296272.22835391,-0.000156392789847
2092,594869.4,24349019.9762973,11,12032919.6289498,-23536486.9492396,3384192.35056317,-0.000360121491119
2092,594869.4,24557905.7486244,13,-13152252.0863661,10578174.0887127,20363623.2069168,-1.26E-05
2092,594869.4,23870770.0603082,23,-547925.70357504,-25198583.7227879,-7377454.86734143,-0.000136053197038
2092,594869.4,24222218.5623993,27,13381484.2921433,-7075132.05247062,21666965.166741,-0.000212148445748
2092,594869.4,21541857.8233936,28,-22500616.1325139,-13254170.6569573,4992578.76194478,0.000738972058672
2092,594869.4,21091790.2184568,30,-14621132.4935779,-7666383.82741826,20867935.2759432,-0.000154004166719
2092,594870.4,24590216.1180856,4,1497461.62909143,-25087381.726526,-8550610.57134926,-4.93E-05
2092,594870.4,23518719.1767008,5,-22125149.3151208,4079324.41820088,14132339.5662669,-7.66E-06
2092,594870.4,20833491.3276645,7,-4582421.33476627,-15854368.4191888,21005378.3229389,-0.000215250646747
2092,594870.4,22247749.9480482,8,8016335.80386161,-18281894.185738,17423019.3806422,-2.39E-05
2092,594870.4,21920570.2664777,9,-6884932.10582342,-25608847.7649542,1293119.30328177,-0.000156392798525
2092,594870.4,24348603.4745003,11,12033122.4201974,-23535883.6829655,3387196.93829682,-0.000360121479097
2092,594870.4,24557218.5590498,13,-13152576.6964487,10575578.7907738,20364762.570324,-1.26E-05
2092,594870.4,23871440.0090677,23,-547348.662619653,-25197697.1685538,-7380421.73479231,-0.000136053198217
2092,594870.4,24222717.0104188,27,13382125.1780545,-7072427.02606738,21667481.8257411,-0.000212148458409
2092,594870.4,21541467.7063258,28,-22500012.8711215,-13254155.6369868,4995720.52595654,0.000738972056619
2092,594870.4,21091545.1824993,30,-14619153.2138889,-7668144.19013336,20868656.1886237,-0.000154004175094
2092,594871.4,24590929.9366924,4,1497916.71352065,-25086359.1892126,-8553530.16185992,-4.93E-05
2092,594871.4,23518825.0646221,5,-22126827.2812897,4078604.90390889,14129961.9985291,-7.66E-06
2092,594871.4,20833506.9630596,7,-4580396.22623718,-15856024.8207669,21004510.8376699,-0.000215250653252
2092,594871.4,22247923.5777147,8,8016998.06534911,-18279774.8183499,17424965.3366439,-2.39E-05
2092,594871.4,21921117.1214012,9,-6884670.04089978,-25609084.00822,1289966.35066293,-0.000156392807203
2092,594871.4,24348190.078842,11,12033325.1098988,-23535280.0757588,3390201.4546442,-0.000360121467076
2092,594871.4,24556541.6651037,13,-13152901.4716161,10572983.3688068,20365901.4949693,-1.26E-05
2092,594871.4,23872102.8730388,23,-546771.483236313,-25196810.2779107,-7383388.43985277,-0.000136053199397
2092,594871.4,24223206.3145243,27,13382766.2408188,-7069721.97804431,21667998.017014,-0.00021214847107
2092,594871.4,21541073.2267036,28,-22499409.249956,-13254140.4943193,4998862.18402837,0.000738972054567
2092,594871.4,21091282.9057266,30,-14617173.9593162,-7669904.72018672,20869376.6598115,-0.000154004183469
2092,594872.4,24591593.3590704,4,1498371.92358513,-25085336.3169733,-8556449.57057649,-4.93E-05
2092,594872.4,23518914.9681438,5,-22128504.9998947,4077885.56915805,14127584.1303035,-7.66E-06
2092,594872.4,20833535.4069145,7,-4578371.2879839,-15857681.2704201,21003642.9132185,-0.000215250659757
2092,594872.4,22248089.3198828,8,8017660.50689531,-18277655.2530213,17426910.9192824,-2.39E-05
2092,594872.4,21921666.5938574,9,-6884407.90033255,-25609319.8804019,1286813.37058989,-0.00015639281588
2092,594872.4,24347773.0535385,11,12033527.6982679,-23534676.1275132,3393205.89961008,-0.000360121455055
2092,594872.4,24555894.3667269,13,-13153226.4118669,10570387.823036,20367039.9807553,-1.26E-05
2092,594872.4,23872781.861011,23,-546194.165437571,-25195923.05096,-7386354.98222834,-0.000136053200577
2092,594872.4,24223709.0203969,27,13383407.4803806,-7067016.90867575,21668513.7405115,-0.000212148483731
2092,594872.4,21540678.3631766,28,-22498805.2689628,-13254125.2291087,5002003.7360539,0.000738972052516
2092,594872.4,21091022.9323828,30,-14615194.7300389,-7671665.41744112,20870096.6894438,-0.000154004191844
2092,594873.4,24592279.745935,4,1498827.25877979,-25084313.110119,-8559368.79672198,-4.93E-05
2092,594873.4,23518979.254746,5,-22130182.4709495,4077166.413838,14125205.9615651,-7.66E-06
2092,594873.4,20833551.1470109,7,-4576346.51976615,-15859337.7682672,21002774.5495267,-0.000215250666263
2092,594873.4,22248259.7736096,8,8018323.12844367,-18275535.4899234,17428856.1284349,-2.39E-05
2092,594873.4,21922209.0862265,9,-6884145.68399066,-25609555.3815346,1283660.36302927,-0.000156392824558
2092,594873.4,24347359.4833781,11,12033730.1853157,-23534071.8382493,3396210.27305934,-0.000360121443035
2092,594873.4,24555217.891586,13,-13153551.5174341,10567792.1528243,20368178.0278806,-1.26E-05
2092,594873.4,23873458.6502558,23,-545616.709024148,-25195035.4876833,-7389321.36203418,-0.000136053201757
2092,594873.4,24224202.9662602,27,13384048.8968222,-7064311.8177542,21669028.9962615,-0.000212148496391
2092,594873.4,21540291.7710528,28,-22498200.928176,-13254109.8413743,5005145.18187627,0.000738972050465
2092,594873.4,21090771.2653425,30,-14613215.5261594,-7673426.28181524,20870816.2774901,-0.00015400420022
2092,594874.4,24592965.7139944,4,1499282.71918554,-25083289.5686034,-8562287.84046495,-4.93E-05
2092,594874.4,23519067.4830469,5,-22131859.6940547,4076447.43843258,14122827.4927561,-7.66E-06
2092,594874.4,20833572.5060774,7,-4574321.92190271,-15860994.3141106,21001905.7466625,-0.000215250672769
2092,594874.4,22248431.6233539,8,8018985.92993385,-18273415.52913,17430800.964084,-2.39E-05
2092,594874.4,21922759.8848992,9,-6883883.39207567,-25609790.51155,1280507.32820573,-0.000156392833235
2092,594874.4,24346938.0606196,11,12033932.571029,-23533467.2079688,3399214.5750447,-0.000360121431016
2092,594874.4,24554560.8210872,13,-13153876.7880946,10565196.3588845,20369315.6361376,-1.26E-05
2092,594874.4,23874134.4622885,23,-545039.114106146,-25194147.5881134,-7392287.57919544,-0.000136053202938
2092,594874.4,24224683.5801572,27,13384690.4901162,-7061606.70536496,21669543.7842626,-0.000212148509051
2092,594874.4,21539904.8299246,28,-22497596.2276197,-13254094.3310924,5008286.52152334,0.000738972048416
2092,594874.4,21090509.0234703,30,-14611236.3476136,-7675187.31337555,20871535.4239807,-0.000154004208595
2092,594875.4,24593653.392175,4,1499738.30490927,-25082265.6924655,-8565206.70171909,-4.93E-05
2092,594875.4,23519150.441382,5,-22133536.6693625,4075728.64261806,14120448.7236985,-7.66E-06
2092,594875.4,20833592.2248234,7,-4572297.49430474,-15862650.9079591,21001036.5046218,-0.000215250679276
2092,594875.4,22248601.8327778,8,8019648.9114639,-18271295.3706509,17432745.4262062,-2.39E-05
2092,594875.4,21923303.0403766,9,-6883621.02434025,-25610025.2705173,1277354.26602243,-0.000156392841912
2092,594875.4,24346527.5616975,11,12034134.8554092,-23532862.2367172,3402218.80531036,-0.000360121418997
2092,594875.4,24553872.1307939,13,-13154202.2240819,10562600.4406377,20370452.8056941,-1.26E-05
2092,594875.4,23874789.752865,23,-544461.380404524,-25193259.3522311,-7395253.63383621,-0.000136053204119
2092,594875.4,24225186.5652334,27,13385332.2601407,-7058901.57197582,21670058.1044432,-0.000212148521711
2092,594875.4,21539498.5190548,28,-22496991.1671468,-13254078.6984949,5011427.75512498,0.000738972046367
2092,594875.4,21090246.9561003,30,-14609257.1945249,-7676948.51203488,20872254.1288729,-0.000154004216971
2092,594876.4,24594356.4265473,4,1500194.01596873,-25081241.4817858,-8568125.38029171,-4.93E-05
2092,594876.4,23519273.3956162,5,-22135213.3965375,4075010.0266509,14118069.6548012,-7.66E-06
2092,594876.4,20833618.0511457,7,-4570273.23704038,-15864307.5497248,21000166.8234423,-0.000215250685783
2092,594876.4,22248780.5579079,8,8020312.07304346,-18269175.0146118,17434689.5146964,-2.39E-05
2092,594876.4,21923864.8675869,9,-6883358.58083987,-25610259.6584019,1274201.1768207,-0.000156392850589
2092,594876.4,24346113.2935284,11,12034337.0386707,-23532256.9243744,3405222.96394294,-0.00036012140698
2092,594876.4,24553229.9976815,13,-13154527.8251571,10560004.399033,20371589.5362299,-1.26E-05
2092,594876.4,23875468.4965342,23,-543883.508153078,-25192370.7801949,-7398219.52545804,-0.000136053205301
2092,594876.4,24225686.9676773,27,13385974.2070085,-7056196.41730579,21670571.9568366,-0.00021214853437
2092,594876.4,21539129.5167505,28,-22496385.7470072,-13254062.9434018,5014568.88202411,0.00073897204432
2092,594876.4,21089992.7413283,30,-14607278.0669874,-7678709.87773699,20872972.392133,-0.000154004225347
2092,594877.4,24595042.743611,4,1500649.85251005,-25080216.9364865,-8571043.87643222,-4.93E-05
2092,594877.4,23519354.1203235,5,-22136889.8760461,4074291.58999072,14115690.2854634,-7.66E-06
2092,594877.4,20833642.0975457,7,-4568249.15015307,-15865964.2393818,20999296.7031171,-0.000215250692291
2092,594877.4,22248954.7808818,8,8020975.41467531,-18267054.4610017,17436633.2295976,-2.39E-05
2092,594877.4,21924412.0715148,9,-6883096.06143112,-25610493.6752546,1271048.06031833,-0.000156392859266
2092,594877.4,24345711.9385204,11,12034539.1206199,-23531651.2710818,3408227.05071047,-0.000360121394963
2092,594877.4,24552575.6145163,13,-13154853.5914889,10557408.2335134,20372725.8279436,-1.26E-05
2092,594877.4,23876151.2188531,23,-543305.497296585,-25191481.8719802,-7401185.25418707,-0.000136053206483
2092,594877.4,24226184.9968915,27,13386616.3306726,-7053491.24150297,21671085.3414327,-0.000212148547029
2092,594877.4,21538716.4700966,28,-22495779.9668443,-13254047.066183,5017709.9030066,0.000738972042273
2092,594877.4,21089747.6006695,30,-14605298.96511,-7680471.41035649,20873690.213742,-0.000154004233723
2092,594878.4,24595723.4068042,4,1501105.81457993,-25079192.0566395,-8573962.18996828,-4.93E-05
2092,594878.4,23519484.0895452,5,-22138566.1072478,4073573.33324555,14113310.6164644,-7.66E-06
2092,594878.4,20833677.940293,7,-4566225.2337694,-15867620.9768027,20998426.1437023,-0.0002152506988
2092,594878.4,22249133.0174058,8,8021638.9363866,-18264933.7099315,17438576.5708121,-2.39E-05
2092,594878.4,21924966.8488372,9,-6882833.46613026,-25610727.3210532,1267894.91681815,-0.000156392867943
2092,594878.4,24345295.6810264,11,12034741.1015642,-23531045.2766504,3411231.06582546,-0.000360121382947
2092,594878.4,24551939.0305731,13,-13155179.523018,10554811.9444564,20373861.6806958,-1.26E-05
2092,594878.4,23876827.1006866,23,-542727.34761825,-25190592.6275923,-7404150.82006211,-0.000136053207665
2092,594878.4,24226683.0959067,27,13387258.631142,-7050786.04462157,21671598.2582169,-0.000212148559688
2092,594878.4,21538337.6956703,28,-22495173.8270174,-13254031.0665501,5020850.81718396,0.000738972040227
2092,594878.4,21089496.5269366,30,-14603319.8887948,-7682233.11005402,20874407.5937193,-0.0001540042421
2092,594879.4,24596415.8663445,4,1501561.90204211,-25078166.8423472,-8576880.32067061,-4.93E-05
2092,594879.4,23519542.1638698,5,-22140242.0908823,4072855.25548792,14110930.6468916,-7.66E-06
2092,594879.4,20833685.9673931,7,-4564201.48753391,-15869277.7621913,20997555.1450979,-0.000215250705309
2092,594879.4,22249314.639272,8,8022302.63816753,-18262812.7614694,17440519.538305,-2.39E-05
2092,594879.4,21925516.8797003,9,-6882570.79484561,-25610960.5958236,1264741.7462556,-0.00015639287662
2092,594879.4,24344890.5916718,11,12034942.9813394,-23530438.941222,3414235.00896569,-0.000360121370931
2092,594879.4,24551237.1479152,13,-13155505.6200421,10552215.5309638,20374997.0947779,-1.26E-05
2092,594879.4,23877499.1783726,23,-542149.059148096,-25189703.0470712,-7407116.22299005,-0.000136053208848
2092,594879.4,24227191.1764464,27,13387901.1083596,-7048080.82687523,21672110.707163,-0.000212148572346
2092,594879.4,21537950.3008365,28,-22494567.3273204,-13254014.9447502,5023991.62494202,0.000738972038182
2092,594879.4,21089249.7459574,30,-14601340.8381956,-7683994.97667653,20875124.5320251,-0.000154004250476
2092,594880.4,24597105.3942483,4,1502018.11504096,-25077141.2935892,-8579798.26862036,-4.93E-05
2092,594880.4,23519663.8965888,5,-22141917.8260042,4072137.35775607,14108550.3778726,-7.66E-06
2092,594880.4,20833708.7224771,7,-4562177.91194174,-15870934.5952111,20996683.7074433,-0.000215250711819
2092,594880.4,22249494.5161165,8,8022966.52006405,-18260691.6156329,17442462.1320689,-2.39E-05
2092,594880.4,21926079.3002181,9,-6882308.04765896,-25611193.4995289,1261588.54887775,-0.000156392885297
2092,594880.4,24344475.6952948,11,12035144.7601154,-23529832.2646887,3417238.88027759,-0.000360121358916
2092,594880.4,24550565.9078396,13,-13155831.8822194,10549618.9942449,20376132.0698022,-1.26E-05
2092,594880.4,23878185.390735,23,-541570.632000675,-25188813.1305009,-7410081.46272766,-0.000136053210031
2092,594880.4,24227690.6365786,27,13388543.7623879,-7045375.5881108,21672622.6882932,-0.000212148585005
2092,594880.4,21537564.1624183,28,-22493960.4678061,-13253998.700776,5027132.3261119,0.000738972036138
2092,594880.4,21088997.9044149,30,-14599361.813291,-7685757.01027495,20875841.0286662,-0.000154004258853
2092,594881.4,24597805.7412871,4,1502474.45355415,-25076115.4104499,-8582716.03362119,-4.93E-05
2092,594881.4,23519747.8670366,5,-22143593.3132359,4071419.63920024,14106169.8086538,-7.66E-06
2092,594881.4,20833758.246195,7,-4560154.50713327,-15872591.4757369,20995811.8307899,-0.000215250718329
2092,594881.4,22249670.8331165,8,8023630.58213628,-18258570.2724546,17444404.352074,-2.39E-05
2092,594881.4,21926633.3446313,9,-6882045.22433075,-25611426.032239,1258435.32453374,-0.000156392893974
2092,594881.4,24344070.0824337,11,12035346.4378542,-23529225.2471166,3420242.67950574,-0.000360121346902
2092,594881.4,24549911.2105705,13,-13156158.3096315,10547022.3341772,20377266.6057974,-1.26E-05
2092,594881.4,23878865.6700233,23,-540992.065933641,-25187922.8778587,-7413046.53940727,-0.000136053211215
2092,594881.4,24228189.8175072,27,13389186.5931999,-7042670.32847872,21673134.2015832,-0.000212148597662
2092,594881.4,21537183.4684681,28,-22493353.2484702,-13253982.334697,5030272.92058362,0.000738972034095
2092,594881.4,21088744.3178507,30,-14597382.8141523,-7687519.21080972,20876557.0836183,-0.00015400426723
2092,594882.4,24598481.6929214,4,1502930.91788643,-25075089.1928306,-8585633.61595501,-4.93E-05
2092,594882.4,23519853.6153561,5,-22145268.5521335,4070702.10026367,14103788.9397581,-7.66E-06
2092,594882.4,20833789.3075826,7,-4558131.27266886,-15874248.4040163,20994939.5150216,-0.00021525072484
2092,594882.4,22249851.1985671,8,8024294.82434837,-18256448.7320649,17446346.1982313,-2.39E-05
2092,594882.4,21927187.8776507,9,-6881782.32488005,-25611658.1939386,1255282.07338251,-0.00015639290265
2092,594882.4,24343661.0842303,11,12035548.0146759,-23528617.8884373,3423246.40671473,-0.000360121334889
2092,594882.4,24549237.1784601,13,-13156484.90242,10544425.5504034,20378400.7028757,-1.26E-05
2092,594882.4,23879532.3032414,23,-540413.360850812,-25187032.2891554,-7416011.45304073,-0.000136053212398
2092,594882.4,24228690.3944533,27,13389829.6007808,-7039965.04807229,21673645.2470207,-0.00021214861032
2092,594882.4,21536799.0401713,28,-22492745.6692632,-13253965.8466129,5033413.40838903,0.000738972032053
2092,594882.4,21088498.6885858,30,-14595403.8409175,-7689281.57815489,20877272.6968429,-0.000154004275607
2092,594883.4,24599160.8553959,4,1503387.50780338,-25074062.6408761,-8588551.01528584,-4.93E-05
2092,594883.4,23519918.2160621,5,-22146943.5430461,4069984.74049054,14101407.7707413,-7.66E-06
2092,594883.4,20833802.3603455,7,-4556108.208636,-15875905.3799792,20994066.760157,-0.000215250731352
2092,594883.4,22250024.9329349,8,8024959.24674156,-18254326.994453,17448287.6705657,-2.39E-05
2092,594883.4,21927739.3743321,9,-6881519.34929804,-25611889.9846259,1252128.79545975,-0.000156392911327
2092,594883.4,24343245.4549442,11,12035749.4905856,-23528010.188658,3426250.06186806,-0.000360121322877
2092,594883.4,24548582.2717883,13,-13156811.6604294,10541828.6434842,20379534.360865,-1.26E-05
2092,594883.4,23880209.9998976,23,-539834.516977652,-25186141.3644947,-7418976.20331268,-0.000136053213583
2092,594883.4,24229192.6815207,27,13390472.7851037,-7037259.74700445,21674155.8245945,-0.000212148622977
2092,594883.4,21536408.5740992,28,-22492137.7302038,-13253949.2365332,5036553.78948105,0.000738972030011
2092,594883.4,21088234.7365923,30,-14593424.8934423,-7691044.11248578,20877987.8683855,-0.000154004283985
2092,594884.4,24599872.3007731,4,1503844.22319996,-25073035.7547254,-8591468.23127376,-4.93E-05
2092,594884.4,23520014.7855671,5,-22148618.2854559,4069267.56035792,14099026.3022313,-7.66E-06
2092,594884.4,20833836.2835687,7,-4554085.31543409,-15877562.4033317,20993193.5663237,-0.000215250737864
2092,594884.4,22250206.066195,8,8025623.84929661,-18252205.0597793,17450228.7689489,-2.39E-05
2092,594884.4,21928293.6979488,9,-6881256.29750032,-25612121.4043153,1248975.49088878,-0.000156392920004
2092,594884.4,24342838.3413643,11,12035950.8656015,-23527402.1478086,3429253.64475546,-0.000360121310865
2092,594884.4,24547930.5759566,13,-13157138.5837625,10539231.6132535,20380667.5798033,-1.26E-05
2092,594884.4,23880892.6524156,23,-539255.534149693,-25185250.1038927,-7421940.79022292,-0.000136053214767
2092,594884.4,24229693.3980685,27,13391116.1461967,-7034554.42526057,21674665.9343014,-0.000212148635634
2092,594884.4,21536031.4748938,28,-22491529.4313491,-13253932.504475,5039694.06359613,0.000738972027971
2092,594884.4,21087989.2469291,30,-14591445.9720672,-7692806.81347006,20878702.5981437,-0.000154004292362
2092,594885.4,24600559.595049,4,1504301.06457771,-25072008.5341975,-8594385.26440506,-4.93E-05
2092,594885.4,23520100.3614349,5,-22150292.7795983,4068550.55948114,14096644.5339389,-7.66E-06
2092,594885.4,20833858.8990509,7,-4552062.59274174,-15879219.4742397,20992319.9334444,-0.000215250744376
2092,594885.4,22250389.0840787,8,8026288.63208968,-18250082.9280464,17452169.4933754,-2.39E-05
2092,594885.4,21928855.0714535,9,-6880993.16943659,-25612352.4530123,1245822.15978199,-0.00015639292868
2092,594885.4,24342428.9941566,11,12036152.139865,-23526793.7658133,3432257.15541981,-0.000360121298854
2092,594885.4,24547238.7795245,13,-13157465.6726028,10536634.4592488,20381800.3598296,-1.26E-05
2092,594885.4,23881576.3170462,23,-538676.412266288,-25184358.5073722,-7424905.21374396,-0.000136053215952
2092,594885.4,24230195.0918286,27,13391759.6840514,-7031849.08292691,21675175.5761272,-0.000212148648291
2092,594885.4,21535645.7901813,28,-22490920.7725643,-13253915.6506383,5042834.23089776,0.000738972025931
2092,594885.4,21087736.3583737,30,-14589467.0766196,-7694569.68133633,20879416.8861633,-0.00015400430074
2092,594886.4,24601246.819524,4,1504758.03164258,-25070980.9794292,-8597302.11437918,-4.93E-05
2092,594886.4,23520216.1959803,5,-22151967.0251235,4067833.73829101,14094262.4662463,-7.66E-06
2092,594886.4,20833889.3322307,7,-4550040.04089807,-15880876.5924941,20991445.8615918,-0.00021525075089
2092,594886.4,22250564.5634683,8,8026953.59509104,-18247960.5992817,17454109.8438626,-2.39E-05
2092,594886.4,21929401.7169744,9,-6880729.96505738,-25612583.1307363,1242668.80198187,-0.000156392937356
2092,594886.4,24342018.3905332,11,12036353.3132727,-23526185.0427417,3435260.59378406,-0.000360121286844
2092,594886.4,24546577.8699778,13,-13157792.9266394,10534037.1824614,20382932.7006496,-1.26E-05
2092,594886.4,23882254.8862132,23,-538097.151391404,-25183466.5749474,-7427869.47386624,-0.000136053217137
2092,594886.4,24230689.8753024,27,13392403.3986483,-7029143.72006128,21675684.7500748,-0.000212148660947
2092,594886.4,21535258.5698497,28,-22490311.7539628,-13253898.674905,5045974.29124198,0.000738972023893
2092,594886.4,21087479.5609694,30,-14587488.2072335,-7696332.71592942,20880130.7324191,-0.000154004309118
2092,594887.4,24601933.6949947,4,1505215.12460052,-25069953.0904425,-8600218.7811421,-4.93E-05
2092,594887.4,23520302.2953546,5,-22153641.0224035,4067117.09615192,14091880.0987243,-7.66E-06
2092,594887.4,20833912.436319,7,-4548017.65967449,-15882533.7581753,20990571.3507363,-0.000215250757403
2092,594887.4,22250739.3797496,8,8027618.73839231,-18245838.073553,17456049.8203286,-2.39E-05
2092,594887.4,21929950.3518202,9,-6880466.6842657,-25612813.4374989,1239515.41772597,-0.000156392946033
2092,594887.4,24341607.403005,11,12036554.3860158,-23525575.9785112,3438263.95978062,-0.000360121274834
2092,594887.4,24545915.6691151,13,-13158120.3460712,10531439.7824865,20384064.6023627,-1.26E-05
2092,594887.4,23882923.7530591,23,-537517.751285254,-25182574.3066402,-7430833.57057473,-0.000136053218323
2092,594887.4,24231189.6495384,27,13393047.2899813,-7026438.33678893,21676193.4561153,-0.000212148673603
2092,594887.4,21534866.4634571,28,-22489702.3754363,-13253881.5774929,5049114.24460361,0.000738972021855
2092,594887.4,21087226.5677126,30,-14585509.3639761,-7698095.91724173,20880844.136878,-0.000154004317496
2092,594888.4,24602627.3062494,4,1505672.3433508,-25068924.8673057,-8603135.26455869,-4.93E-05
2092,594888.4,23520419.3863156,5,-22155314.7709712,4066400.63359034,14089497.4319095,-7.66E-06
2092,594888.4,20833929.7120345,7,-4545995.44918274,-15884190.971203,20989696.4008992,-0.000215250763918
2092,594888.4,22250915.8712518,8,8028284.06193151,-18243715.3509734,17457989.4227153,-2.39E-05
2092,594888.4,21930500.0685794,9,-6880203.3270956,-25613043.373286,1236362.00707564,-0.000156392954709
2092,594888.4,24341193.2744376,11,12036755.3580745,-23524966.5731424,3441267.25336983,-0.000360121262825
2092,594888.4,24545251.8279318,13,-13158447.930875,10528842.2594353,20385196.0649445,-1.26E-05
2092,594888.4,23883593.9810221,23,-536938.212086223,-25181681.7025147,-7433797.50369078,-0.000136053219509
2092,594888.4,24231689.2841727,27,13393691.3580381,-7023732.93316701,21676701.694247,-0.000212148686259
2092,594888.4,21534480.8485455,28,-22489092.6370874,-13253864.358317,5052254.09079411,0.000738972019818
2092,594888.4,21086971.340828,30,-14583530.5468807,-7699859.2852451,20881557.0995378,-0.000154004325874
2092,594889.4,24603301.7920655,4,1506129.68819344,-25067896.3099502,-8606051.56482344,-4.93E-05
2092,594889.4,23520482.9051082,5,-22156988.2713433,4065684.34986879,14087114.4651773,-7.66E-06
2092,594889.4,20833945.5568322,7,-4543973.40946578,-15885848.2315091,20988821.0121079,-0.000215250770433
2092,594889.4,22251088.7680092,8,8028949.5658074,-18241592.4315336,17459928.6510189,-2.39E-05
2092,594889.4,21931049.5410356,9,-6879939.89342512,-25613272.9381256,1233208.57007897,-0.000156392963385
2092,594889.4,24340780.1230824,11,12036956.2295245,-23524356.8266174,3444270.47445158,-0.000360121250817
2092,594889.4,24544566.7323833,13,-13158775.681161,10526244.6131052,20386327.0884464,-1.26E-05
2092,594889.4,23884267.8735308,23,-536358.533711552,-25180788.7626108,-7436761.27313065,-0.000136053220696
2092,594889.4,24232187.8019931,27,13394335.6028338,-7021027.50921707,21677209.4644628,-0.000212148698914
2092,594889.4,21534094.361123,28,-22488482.5388403,-13253847.0175265,5055393.82982999,0.000738972017782
2092,594889.4,21086715.5555363,30,-14581551.7559948,-7701622.81992982,20882269.6203798,-0.000154004334252
2092,594890.4,24603996.2409307,4,1506587.15874363,-25066867.4185694,-8608967.68148653,-4.93E-05
2092,594890.4,23520576.8570805,5,-22158661.5228911,4064968.24573041,14084731.1992528,-7.66E-06
2092,594890.4,20833973.8610854,7,-4541951.5407945,-15887505.5389218,20987945.1844213,-0.000215250776948
2092,594890.4,22251263.6889918,8,8029615.24990673,-18239469.3153919,17461867.5051576,-2.39E-05
2092,594890.4,21931605.1908688,9,-6879676.38338075,-25613502.1319745,1230055.10687879,-0.000156392972061
2092,594890.4,24340371.927589,11,12037157.0002655,-23523746.7390099,3447273.62291457,-0.00036012123881
2092,594890.4,24543923.5173575,13,-13159103.5966571,10523646.844385,20387457.6726033,-1.26E-05
2092,594890.4,23884946.1285939,23,-535778.716256975,-25179895.4869632,-7439724.87881409,-0.000136053221882
2092,594890.4,24232679.2699255,27,13394980.0243474,-7018322.06501073,21677716.7667618,-0.000212148711569
2092,594890.4,21533698.4505829,28,-22487872.0807145,-13253829.5551089,5058533.46172704,0.000738972015747
2092,594890.4,21086464.761007,30,-14579572.9914646,-7703386.52113318,20882981.6993734,-0.000154004342631
2092,594891.4,24604693.9704368,4,1507044.75544282,-25065838.193116,-8611883.61465521,-4.93E-05
2092,594891.4,23520670.2506458,5,-22160334.5258149,4064252.32066736,14082347.6339354,-7.66E-06
2092,594891.4,20834001.5720312,7,-4539929.84289122,-15889162.8935284,20987068.9178152,-0.000215250783464
2092,594891.4,22251445.4853602,8,8030281.11441472,-18237346.0025612,17463805.9850638,-2.39E-05
2092,594891.4,21932153.057905,9,-6879412.79653519,-25613730.9549499,1226901.61738774,-0.000156392980737
2092,594891.4,24339959.2648399,11,12037357.670658,-23523136.3101331,3450276.69879677,-0.000360121226803
2092,594891.4,24543300.9982898,13,-13159431.6775681,10521048.9529408,20388587.8174734,-1.26E-05
2092,594891.4,23885618.694886,23,-535198.759327582,-25179001.8755805,-7442688.32078195,-0.00013605322307
2092,594891.4,24233183.3718156,27,13395624.6225738,-7015616.60070886,21678223.6011021,-0.000212148724224
2092,594891.4,21533319.9553601,28,-22487261.262702,-13253811.9712175,5061672.98614614,0.000738972013713
2092,594891.4,21086186.0810297,30,-14577594.2529784,-7705150.38929546,20883693.3365823,-0.00015400435101
2092,594892.4,24605378.5424787,4,1507502.47813924,-25064808.6335835,-8614799.36442114,-4.93E-05
2092,594892.4,23520774.9868527,5,-22162007.2799299,4063536.57502997,14079963.7693762,-7.66E-06
2092,594892.4,20834037.0657741,7,-4537908.31608813,-15890820.29516,20986192.2123318,-0.000215250789981
2092,594892.4,22251616.811598,8,8030947.15923299,-18235222.4930521,17465744.090805,-2.39E-05
2092,594892.4,21932706.8929156,9,-6879149.13326131,-25613959.4069384,1223748.10182394,-0.000156392989413
2092,594892.4,24339550.1619352,11,12037558.2403976,-23522525.5401719,3453279.70194772,-0.000360121214798
2092,594892.4,24542586.6910769,13,-13159759.9241838,10518450.937676,20389717.5234541,-1.26E-05
2092,594892.4,23886290.6329703,23,-534618.66324505,-25178107.9285055,-7445651.59891219,-0.000136053224257
2092,594892.4,24233688.6603205,27,13396269.3974601,-7012911.11641608,21678729.9674924,-0.000212148736878
2092,594892.4,21532934.2357472,28,-22486650.084838,-13253794.2657563,5064812.40327305,0.00073897201168
2092,594892.4,21085959.2630995,30,-14575615.5413687,-7706914.42344437,20884404.5318001,-0.000154004359389
2092,594893.4,24606069.7107029,4,1507960.32690392,-25063778.7400691,-8617714.93053614,-4.93E-05
2092,594893.4,23520871.3469551,5,-22163679.7853466,4062821.00847999,14077579.6054646,-7.66E-06
2092,594893.4,20834065.4049277,7,-4535886.9601467,-15892477.743899,20985315.0679418,-0.000215250796498
2092,594893.4,22251797.7354555,8,8031613.38437785,-18233098.7870455,17467681.8222145,-2.39E-05
2092,594893.4,21933262.228645,9,-6878885.39329407,-25614187.4880086,1220594.5602017,-0.000156392998088
2092,594893.4,24339134.7769521,11,12037758.7097604,-23521914.4289818,3456282.63240856,-0.000360121202793
2092,594893.4,24541982.1457335,13,-13160088.3358561,10515852.8009492,20390846.7897641,-1.26E-05
2092,594893.4,23886967.4222151,23,-534038.427832956,-25177213.6457893,-7448614.71309111,-0.000136053225445
2092,594893.4,24234185.2586169,27,13396914.3490892,-7010205.61197984,21679235.8659409,-0.000212148749533
2092,594893.4,21532539.5467224,28,-22486038.5470134,-13253776.4389502,5067951.71306689,0.000738972009648
2092,594893.4,21085699.4991582,30,-14573636.8559127,-7708678.62445538,20885115.2852137,-0.000154004367768
2092,594894.4,24606749.88529,4,1508418.30182385,-25062748.5125475,-8620630.3131044,-4.93E-05
2092,594894.4,23520961.2504769,5,-22165352.0419838,4062105.62108643,14075195.1422712,-7.66E-06
2092,594894.4,20834087.5318038,7,-4533865.77517391,-15894135.2396681,20984437.4846652,-0.000215250803016
2092,594894.4,22251982.0446553,8,8032279.7898442,-18230974.8845781,17469619.1792889,-2.39E-05
2092,594894.4,21933815.9240539,9,-6878621.57665118,-25614415.1981516,1217440.99255995,-0.000156393006764
2092,594894.4,24338729.7224979,11,12037959.0786027,-23521302.9766802,3459285.48994386,-0.000360121190788
2092,594894.4,24541335.4755645,13,-13160416.9131156,10513254.5410745,20391975.6169493,-1.26E-05
2092,594894.4,23887649.0975209,23,-533458.053141109,-25176319.027465,-7451577.66324778,-0.000136053226633
2092,594894.4,24234688.2785935,27,13397559.4773706,-7007500.08770702,21679741.2964116,-0.000212148762186
2092,594894.4,21532142.3099657,28,-22485426.649305,-13253758.4907411,5071090.91538957,0.000738972007616
2092,594894.4,21085462.3157987,30,-14571658.1971661,-7710442.99171935,20885825.5966746,-0.000154004376147
2092,594895.4,24607439.1688907,4,1508876.40279627,-25061717.9511288,-8623545.51187104,-4.93E-05
2092,594895.4,23521078.2367366,5,-22167024.0495726,4061390.41307732,14072810.3801121,-7.66E-06
2092,594895.4,20834117.5810787,7,-4531844.76135004,-15895792.7823241,20983559.4625589,-0.000215250809535
2092,594895.4,22252159.8972745,8,8032946.37572267,-18228850.7856175,17471556.1620526,-2.39E-05
2092,594895.4,21934372.0973937,9,-6878357.6833032,-25614642.537368,1214287.39900631,-0.00015639301544
2092,594895.4,24338321.4921041,11,12038159.3470639,-23520691.1831869,3462288.27462867,-0.000360121178785
2092,594895.4,24540612.4432427,13,-13160745.6561035,10510656.157705,20393104.0051154,-1.26E-05
2092,594895.4,23888319.5348864,23,-532877.538991494,-25175424.0735193,-7454540.44947853,-0.000136053227822
2092,594895.4,24235190.1817561,27,13398204.7823294,-7004794.54356831,21680246.2589081,-0.00021214877484
2092,594895.4,21531768.8404057,28,-22484814.3918424,-13253740.4210493,5074230.00990279,0.000738972005586
2092,594895.4,21085198.2940043,30,-14569679.5647612,-7712207.52567615,20886535.4662847,-0.000154004384527
2092,594896.4,24608148.939047,4,1509334.62984603,-25060687.0558879,-8626460.52666025,-4.93E-05
2092,594896.4,23521182.135333,5,-22168695.8083348,4060675.38405375,14070425.3187217,-7.66E-06
2092,594896.4,20834146.5484402,7,-4529823.91857484,-15897450.3718852,20982681.0016133,-0.000215250816054
2092,594896.4,22252340.8560324,8,8033613.1420185,-18226726.4902912,17473492.7704011,-2.39E-05
2092,594896.4,21934922.6866638,9,-6878093.71307126,-25614869.5057044,1211133.77952646,-0.000156393024115
2092,594896.4,24337908.5501516,11,12038359.5152648,-23520079.0484527,3465290.98641111,-0.000360121166782
2092,594896.4,24539940.7843619,13,-13161074.5643953,10508057.6523885,20394231.953756,-1.26E-05
2092,594896.4,23888999.2906683,23,-532296.885439911,-25174528.7840469,-7457503.07151138,-0.000136053229011
2092,594896.4,24235694.0044427,27,13398850.2639663,-7002088.97963627,21680750.753415,-0.000212148787493
2092,594896.4,21531376.5595109,28,-22484201.7743603,-13253722.2302237,5077368.99698338,0.000738972003556
2092,594896.4,21084957.0970947,30,-14567700.9591539,-7713972.22586503,20887244.8939099,-0.000154004392906
2092,594897.4,24608818.2246982,4,1509792.98344539,-25059655.8266281,-8629375.35800749,-4.93E-05
2092,594897.4,23521295.0033414,5,-22170367.3180713,4059960.53419206,14068039.958323,-7.66E-06
2092,594897.4,20834170.3505371,7,-4527803.24686152,-15899108.0083224,20981802.1018311,-0.000215250822573
2092,594897.4,22252522.0590934,8,8034280.08874503,-18224601.9986421,17475429.0043154,-2.39E-05
2092,594897.4,21935478.336497,9,-6877829.66601581,-25615096.1031338,1207980.13429445,-0.000156393032791
2092,594897.4,24337499.7613508,11,12038559.5831616,-23519466.5725288,3468293.62514353,-0.00036012115478
2092,594897.4,24539271.1846068,13,-13161403.6381696,10505459.02462,20395359.4630344,-1.26E-05
2092,594897.4,23889676.6732205,23,-531716.092386483,-25173633.1590457,-7460465.52940089,-0.000136053230201
2092,594897.4,24236201.0728698,27,13399495.9222606,-6999383.39601134,21681254.7799215,-0.000212148800146
2092,594897.4,21531003.4389552,28,-22483588.7970722,-13253703.9180827,5080507.87617318,0.000738972001528
2092,594897.4,21084688.9221485,30,-14565722.3799848,-7715737.09270627,20887953.8796534,-0.000154004401286
2092,594898.4,24609518.4321352,4,1510251.46311941,-25058624.2636561,-8632290.00515131,-4.93E-05
2092,594898.4,23521358.4523331,5,-22172038.5791153,4059245.86298901,14065654.2985069,-7.66E-06
2092,594898.4,20834195.1298463,7,-4525782.74629783,-15900765.6915451,20980922.763248,-0.000215250829093
2092,594898.4,22252706.9267002,8,8034947.21591764,-18222477.310757,17477364.8637293,-2.39E-05
2092,594898.4,21936035.5568499,9,-6877565.54203347,-25615322.3296803,1204826.46334626,-0.000156393041466
2092,594898.4,24337088.3201169,11,12038759.5508696,-23518853.7553604,3471296.19082509,-0.000360121142778
2092,594898.4,24538606.4360122,13,-13161732.8774403,10502860.2744882,20396486.5329139,-1.26E-05
2092,594898.4,23890350.4959283,23,-531135.15975442,-25172737.1985479,-7463427.82308791,-0.00013605323139
2092,594898.4,24236700.7424045,27,13400141.7572537,-6996677.79262208,21681758.3384349,-0.000212148812799
2092,594898.4,21530611.8211687,28,-22482975.4597613,-13253685.4849115,5083646.64779529,0.0007389719995
2092,594898.4,21084448.1091437,30,-14563743.827764,-7717502.12566905,20888662.4233698,-0.000154004409667
2092,594899.4,24610217.0341522,4,1510710.06906715,-25057592.3668872,-8635204.46834988,-4.93E-05
2092,594899.4,23521455.6500459,5,-22173709.5908571,4058531.37114609,14063268.3399834,-7.66E-06
2092,594899.4,20834248.5624131,7,-4523762.41727082,-15902423.4213025,20980042.98596,-0.000215250835614
2092,594899.4,22252877.2757257,8,8035614.52361009,-18220352.426559,17479300.3487221,-2.39E-05
2092,594899.4,21936594.7316272,9,-6877301.34116994,-25615548.1853263,1201672.76674877,-0.000156393050141
2092,594899.4,24336683.370364,11,12038959.4182898,-23518240.5970277,3474298.68330467,-0.000360121130778
2092,594899.4,24537942.4552272,13,-13162062.2821973,10500261.4020554,20397613.1633872,-1.26E-05
2092,594899.4,23891018.2110599,23,-530554.087574695,-25171840.9025765,-7466389.95253597,-0.00013605323258
2092,594899.4,24237206.8685198,27,13400787.7688607,-6993972.16975375,21682261.4289231,-0.000212148825451
2092,594899.4,21530226.6599627,28,-22482361.7626024,-13253666.930548,5086785.31152713,0.000738971997473
2092,594899.4,21084196.0232982,30,-14561765.3022445,-7719267.32503508,20889370.5251358,-0.000154004418047
2092,594900.4,24610888.693033,4,1511168.80164547,-25056560.1362537,-8638118.74778339,-4.93E-05
2092,594900.4,23521554.6974818,5,-22175380.353472,4057817.05828311,14060882.0825534,-7.66E-06
2092,594900.4,20834257.9855306,7,-4521742.25897208,-15904081.1980441,20979162.7697714,-0.000215250842135
2092,594900.4,22253065.9823804,8,8036282.01171051,-18218227.3463704,17481235.4590383,-2.39E-05
2092,594900.4,21937143.7852781,9,-6877037.06316409,-25615773.6701424,1198519.04444651,-0.000156393058816
2092,594900.4,24336273.3949485,11,12039159.1856561,-23517627.0974067,3477301.10262966,-0.000360121118778
2092,594900.4,24537280.9523731,13,-13162391.8524978,10497662.407347,20398739.3544222,-1.26E-05
2092,594900.4,23891702.4689979,23,-529972.875867778,-25170944.2712336,-7469351.9174514,-0.000136053233771
2092,594900.4,24237710.3422021,27,13401433.9571431,-6991266.52730315,21682764.0513911,-0.000212148838103
2092,594900.4,21529831.656834,28,-22481747.7054412,-13253648.2552462,5089923.86746927,0.000738971995447
2092,594900.4,21083947.322795,30,-14559786.8035705,-7721032.69070293,20890078.1848998,-0.000154004426427
2092,594901.4,24611574.5214906,4,1511627.66050451,-25055527.5719498,-8641032.84299612,-4.93E-05
2092,594901.4,23521656.257749,5,-22177050.8668949,4057102.92444814,14058495.5262687,-7.66E-06
2092,594901.4,20834282.7997403,7,-4519722.27211495,-15905739.0213126,20978282.1148705,-0.000215250848657
2092,594901.4,22253250.2566797,8,8036949.68033288,-18216102.0700671,17483170.1947882,-2.39E-05
2092,594901.4,21937691.0939073,9,-6876772.70810545,-25615998.7840954,1195365.29658822,-0.000156393067492
2092,594901.4,24335862.5819224,11,12039358.8529134,-23517013.2565464,3480303.44870065,-0.000360121106779
2092,594901.4,24536624.3006796,13,-13162721.5883134,10495063.2904936,20399865.1059879,-1.26E-05
2092,594901.4,23892375.1050909,23,-529391.524445201,-25170047.3044688,-7472313.71805294,-0.000136053234962
2092,594901.4,24238216.5730187,27,13402080.3220528,-6988560.86544302,21683266.2058212,-0.000212148850755
2092,594901.4,21529456.2328495,28,-22481133.2884695,-13253629.458831,5093062.31525458,0.000738971993422
2092,594901.4,21083704.415764,30,-14557808.3318374,-7722798.22257584,20890785.4026422,-0.000154004434808
2092,594902.4,24612270.8549793,4,1512086.64574669,-25054494.6739967,-8643946.7539552,-4.93E-05
2092,594902.4,23521758.0972197,5,-22178721.1310907,4056388.96957054,14056108.6711683,-7.66E-06
2092,594902.4,20834306.7065386,7,-4517702.4565473,-15907396.8911661,20977401.0212278,-0.00021525085518
2092,594902.4,22253420.4661035,8,8037617.52958296,-18213976.5976171,17485104.5559891,-2.39E-05
2092,594902.4,21938246.5692384,9,-6876508.27598076,-25616223.5271781,1192211.52335235,-0.000156393076167
2092,594902.4,24335453.897823,11,12039558.4201189,-23516399.0744386,3483305.72141755,-0.00036012109478
2092,594902.4,24535961.9951155,13,-13163051.4897086,10492464.0514244,20400990.4180974,-1.26E-05
2092,594902.4,23893054.0581627,23,-528810.033379415,-25169150.0023695,-7475275.35409106,-0.000136053236153
2092,594902.4,24238717.4640687,27,13402726.8636221,-6985855.1841317,21683767.8922165,-0.000212148863406
2092,594902.4,21529067.6165005,28,-22480518.5114935,-13253610.541566,5096200.65515353,0.000738971991398
2092,594902.4,21083461.5087331,30,-14555829.8870452,-7724563.92069225,20891492.1783592,-0.000154004443189
2092,594903.4,24612955.4968221,4,1512545.75758813,-25053461.4423437,-8646860.48081664,-4.93E-05
2092,594903.4,23521858.4359717,5,-22180391.1460218,4055675.19360673,14053721.5172875,-7.66E-06
2092,594903.4,20834339.8619523,7,-4515682.81240966,-15909054.807487,20976519.4888884,-0.000215250861703
2092,594903.4,22253607.1136325,8,8038285.55927997,-18211850.9293543,17487038.5424051,-2.39E-05
2092,594903.4,21938809.1642583,9,-6876243.76672716,-25616447.8994027,1189057.72479253,-0.000156393084841
2092,594903.4,24335043.9922083,11,12039757.8873444,-23515784.5510551,3486307.92075261,-0.000360121082783
2092,594903.4,24535288.2422085,13,-13163381.5567196,10489864.6901323,20402115.2907489,-1.26E-05
2092,594903.4,23893733.6045419,23,-528228.402579201,-25168252.3649524,-7478236.82555898,-0.000136053237345
2092,594903.4,24239220.1350409,27,13403373.5818188,-6983149.48352196,21684269.1105558,-0.000212148876057
2092,594903.4,21528687.6903598,28,-22479903.3746214,-13253591.503392,5099338.8868739,0.000738971989375
2092,594903.4,21083189.8088429,30,-14553851.4690015,-7726329.78529601,20892198.5121036,-0.00015400445157
2092,594904.4,24613638.463444,4,1513004.99590524,-25052427.8770687,-8649774.0234227,-4.93E-05
2092,594904.4,23521954.6913728,5,-22182060.9116402,4054961.59658985,14051334.0646558,-7.66E-06
2092,594904.4,20834361.7794258,7,-4513663.33957782,-15910712.7703433,20975637.5178077,-0.000215250868226
2092,594904.4,22253793.6215597,8,8038953.76948845,-18209725.0652175,17488972.1541036,-2.39E-05
2092,594904.4,21939363.5227755,9,-6875979.18027621,-25616671.9007902,1185903.90081259,-0.000156393093516
2092,594904.4,24334635.6920136,11,12039957.254533,-23515169.6864444,3489310.04661516,-0.000360121070786
2092,594904.4,24534630.8576059,13,-13163711.7892201,10487265.207059,20403239.7238145,-1.26E-05
2092,594904.4,23894405.4728253,23,-527646.632027489,-25167354.3922247,-7481198.13247443,-0.000136053238537
2092,594904.4,24239725.3188445,27,13404020.4766085,-6980443.76373891,21684769.8608287,-0.000212148888708
2092,594904.4,21528297.6779933,28,-22479287.877797,-13253572.3443862,5102477.01054841,0.000738971987352
2092,594904.4,21082946.4132059,30,-14551873.0782718,-7728095.81576569,20892904.4037255,-0.000154004459951
2092,594905.4,24614341.7072189,4,1513464.36065375,-25051393.9782862,-8652687.38149557,-4.93E-05
2092,594905.4,23522039.7786345,5,-22183730.4279526,4054248.17836764,14048946.3132702,-7.66E-06
2092,594905.4,20834384.4996093,7,-4511644.03816658,-15912370.7796163,20974755.108038,-0.000215250874751
2092,594905.4,22253970.4271658,8,8039622.16034961,-18207599.0051566,17490905.391104,-2.39E-05
2092,594905.4,21939916.2758726,9,-6875714.51654149,-25616895.5313551,1182750.05155168,-0.000156393102191
2092,594905.4,24334225.2279919,11,12040156.5218313,-23514554.4805401,3492312.09897744,-0.00036012105879
2092,594905.4,24533959.8269329,13,-13164042.1873666,10484665.6018732,20404363.7173819,-1.26E-05
2092,594905.4,23895085.6125119,23,-527064.721731621,-25166456.0842684,-7484159.27461168,-0.000136053239729
2092,594905.4,24240219.5788117,27,13404667.5480588,-6977738.02464574,21685270.1430478,-0.000212148901359
2092,594905.4,21527912.3771856,28,-22478672.0210512,-13253553.0645976,5105615.02595392,0.000738971985331
2092,594905.4,21082686.7190655,30,-14549894.7145091,-7729862.01253644,20893609.8533139,-0.000154004468332
2092,594906.4,24615033.1546466,4,1513923.85210541,-25050359.7459089,-8655600.55528794,-4.93E-05
2092,594906.4,23522151.4251276,5,-22185399.6946597,4053534.93922143,14046558.2634802,-7.66E-06
2092,594906.4,20834453.6024715,7,-4509624.9087043,-15914028.8349503,20973872.2597288,-0.000215250881275
2092,594906.4,22254147.1629711,8,8040290.73180714,-18205472.749323,17492838.2533055,-2.39E-05
2092,594906.4,21940462.0139822,9,-6875449.77544972,-25617118.7911147,1179596.17701755,-0.000156393110866
2092,594906.4,24333811.937035,11,12040355.6892745,-23513938.9333373,3495314.07778517,-0.000360121046794
2092,594906.4,24533293.8568231,13,-13164372.7510972,10482065.8748686,20405487.2713578,-1.26E-05
2092,594906.4,23895759.0862154,23,-526482.671546157,-25165557.4410729,-7487120.25205566,-0.000136053240922
2092,594906.4,24240730.590988,27,13405314.7960524,-6975032.26665788,21685769.9571577,-0.000212148914009
2092,594906.4,21527531.1946293,28,-22478055.8043842,-13253533.6640711,5108752.93303426,0.00073897198331
2092,594906.4,21082447.3020781,30,-14547916.3780812,-7731628.37522402,20894314.8607677,-0.000154004476714
2092,594907.4,24615707.745164,4,1514383.47035334,-25049325.1799523,-8658513.54478416,-4.93E-05
2092,594907.4,23522298.4257618,5,-22187068.7116531,4052821.87918302,14044169.9154097,-7.66E-06
2092,594907.4,20834440.4799078,7,-4507605.94985813,-15915686.9371459,20972988.9725183,-0.000215250887801
2092,594907.4,22254331.2976687,8,8040959.48383899,-18203346.297843,17494770.7406176,-2.39E-05
2092,594907.4,21941021.5028634,9,-6875184.95708503,-25617341.6800304,1176442.27749843,-0.00015639311954
2092,594907.4,24333405.2073599,11,12040554.7568603,-23513323.0448687,3498315.98287777,-0.0003601210348
2092,594907.4,24532632.2841681,13,-13164703.4804321,10479466.026099,20406610.3857196,-1.26E-05
2092,594907.4,23896440.9011229,23,-525900.481539564,-25164658.462716,-7490081.06458968,-0.000136053242115
2092,594907.4,24241223.2106348,27,13405962.2207212,-6972326.48940876,21686269.3032073,-0.000212148926659
2092,594907.4,21527150.5355796,28,-22477439.2277665,-13253514.1428935,5111890.73175848,0.000738971981291
2092,594907.4,21082186.8750285,30,-14545938.0686906,-7733394.90419212,20895019.4261677,-0.000154004485096
2092,594908.4,24616410.7097355,4,1514843.21513285,-25048290.2806221,-8661426.34948232,-4.93E-05
2092,594908.4,23522326.5206124,5,-22188737.4798979,4052108.99699376,14041781.2678817,-7.66E-06
2092,594908.4,20834481.7671229,7,-4505587.16309037,-15917345.0852517,20972105.2468253,-0.000215250894327
2092,594908.4,22254512.9195349,8,8041628.41655734,-18201219.6506764,17496702.8530631,-2.39E-05
2092,594908.4,21941576.0358827,9,-6874920.06122472,-25617564.1981663,1173288.35286547,-0.000156393128215
2092,594908.4,24333000.7113127,11,12040753.724698,-23512706.8150858,3501317.81423414,-0.000360121022806
2092,594908.4,24531979.5413234,13,-13165034.3753841,10476866.0556631,20407733.0604263,-1.26E-05
2092,594908.4,23897118.0393721,23,-525318.151528734,-25163759.1491948,-7493041.71227591,-0.000136053243308
2092,594908.4,24241730.0696593,27,13406609.8219431,-6969620.69334894,21686768.1811325,-0.000212148939308
2092,594908.4,21526755.6371521,28,-22476822.2910956,-13253494.5012347,5115028.42221468,0.000738971979272
2092,594908.4,21081940.6524562,30,-14543959.7866791,-7735161.59909882,20895723.5494153,-0.000154004493478
2092,594909.4,24617099.5396305,4,1515303.08672508,-25047255.0477958,-8664338.96973407,-4.93E-05
2092,594909.4,23522448.14863,5,-22190405.9979377,4051396.29435494,14039392.3226392,-7.66E-06
2092,594909.4,20834501.7999729,7,-4503568.5476891,-15919003.279702,20971221.0824428,-0.000215250900853
2092,594909.4,22254686.7237036,8,8042297.52995477,-18199092.8078626,17498634.5906364,-2.39E-05
2092,594909.4,21942127.2882611,9,-6874655.08791708,-25617786.3455035,1170134.40320201,-0.000156393136889
2092,594909.4,24332588.1183645,11,12040952.5928194,-23512090.2439693,3504319.57189537,-0.000360121010813
2092,594909.4,24531322.3312228,13,-13165365.4359789,10474265.9635128,20408855.2955041,-1.26E-05
2092,594909.4,23897792.5251882,23,-524735.681575088,-25162859.5005468,-7496002.19502999,-0.000136053244502
2092,594909.4,24242236.6494803,27,13407257.5997439,-6966914.87841474,21687266.5909482,-0.000212148951957
2092,594909.4,21526369.4289331,28,-22476204.994533,-13253474.7389504,5118166.00409868,0.000738971977254
2092,594909.4,21081689.3693208,30,-14541981.5319639,-7736928.46004512,20896427.2305405,-0.00015400450186
2092,594910.4,24617786.3802007,4,1515763.08506764,-25046219.4815552,-8667251.40536036,-4.93E-05
2092,594910.4,23522583.0737136,5,-22192074.2662456,4050683.77062782,14037003.079094,-7.66E-06
2092,594910.4,20834529.057213,7,-4501550.10400053,-15920661.520254,20970336.4794705,-0.00021525090738
2092,594910.4,22254879.7929127,8,8042966.82386099,-18196965.7697113,17500565.9531229,-2.39E-05
2092,594910.4,21942686.7073414,9,-6874390.03720531,-25618008.1220193,1166980.428695,-0.000156393145564
2092,594910.4,24332179.5040659,11,12041151.3611816,-23511473.3315765,3507321.2556775,-0.00036012099882
2092,594910.4,24530648.7179177,13,-13165696.6622677,10471665.749578,20409977.0909738,-1.26E-05
2092,594910.4,23898472.7346756,23,-524153.071718295,-25161959.5168291,-7498962.51270419,-0.000136053245696
2092,594910.4,24242741.8332838,27,13407905.5541178,-6964209.04466774,21687764.5326469,-0.000212148964606
2092,594910.4,21525981.1964888,28,-22475587.3380241,-13253454.8561434,5121303.4774577,0.000738971975237
2092,594910.4,21081442.6232419,30,-14540003.3046843,-7738695.48690216,20897130.4695052,-0.000154004510242
2092,594911.4,24618468.9280174,4,1516223.21027996,-25045183.5819233,-8670163.65632011,-4.93E-05
2092,594911.4,23522661.564793,5,-22193742.2852357,4049971.42519201,14034613.5367428,-7.66E-06
2092,594911.4,20834559.595094,7,-4499531.83198315,-15922319.8068911,20969451.4379136,-0.000215250913908
2092,594911.4,22255063.1947011,8,8043636.29853045,-18194838.5360035,17502496.9406675,-2.39E-05
2092,594911.4,21943237.0523085,9,-6874124.90885502,-25618229.5277802,1163826.42923172,-0.000156393154238
2092,594911.4,24331769.5984512,11,12041350.0299204,-23510856.077844,3510322.86556815,-0.000360120986829
2092,594911.4,24529977.6872447,13,-13166028.0542192,10469065.4141196,20411098.4467396,-1.26E-05
2092,594911.4,23899147.8137991,23,-523570.321770848,-25161059.1980458,-7501922.66533862,-0.000136053246891
2092,594911.4,24243247.1915896,27,13408553.6850686,-6961503.19216607,21688262.0062164,-0.000212148977255
2092,594911.4,21525600.6770408,28,-22474969.3215847,-13253434.8528706,5124440.84212272,0.000738971973221
2092,594911.4,21081181.4632832,30,-14538025.1047167,-7740462.67985098,20897833.2663381,-0.000154004518625
2092,594912.4,24619168.7515496,4,1516683.46218585,-25044147.34902,-8673075.72234418,-4.93E-05
2092,594912.4,23522744.3835264,5,-22195410.0544512,4049259.25854152,14032223.6961195,-7.66E-06
2092,594912.4,20834578.266827,7,-4497513.73154629,-15923978.139653,20968565.9577428,-0.000215250920436
2092,594912.4,22255239.2673981,8,8044305.95392763,-18192711.1068372,17504427.553216,-2.39E-05
2092,594912.4,21943795.0753713,9,-6873859.70299023,-25618450.5627393,1160672.40505306,-0.000156393162912
2092,594912.4,24331358.7156243,11,12041548.5990287,-23510238.4827904,3513324.40150289,-0.000360120974838
2092,594912.4,24529342.8483233,13,-13166359.6117007,10466464.9576293,20412219.3626528,-1.26E-05
2092,594912.4,23899816.436342,23,-522987.431736133,-25160158.5442249,-7504882.65288339,-0.000136053248086
2092,594912.4,24243750.9444753,27,13409201.9925817,-6958797.32098447,21688759.0116505,-0.000212148989903
2092,594912.4,21525217.9588653,28,-22474350.9451862,-13253414.7291928,5127578.09813437,0.000738971971206
2092,594912.4,21080932.1345722,30,-14536046.9323537,-7742230.03858214,20898535.6209624,-0.000154004527008
2092,594913.4,24619879.0103121,4,1517143.84099008,-25043110.7828485,-8675987.60343455,-4.93E-05
2092,594913.4,23522823.8867184,5,-22197077.5739075,4048547.2704937,14029833.5572166,-7.66E-06
2092,594913.4,20834605.593868,7,-4495495.80287549,-15925636.5183697,20967680.0390356,-0.000215250926965
2092,594913.4,22255418.5858356,8,8044975.79008077,-18190583.4823354,17506357.7906582,-2.39E-05
2092,594913.4,21944347.6190658,9,-6873594.41935289,-25618671.2269672,1157518.35609036,-0.000156393171586
2092,594913.4,24330948.6355074,11,12041747.068645,-23509620.5463633,3516325.86339771,-0.000360120962847
2092,594913.4,24528661.1381171,13,-13166691.3350744,10463864.3791302,20413339.8389989,-1.26E-05
2092,594913.4,23900486.2105993,23,-522404.401524117,-25159257.555425,-7507842.4751946,-0.000136053249281
2092,594913.4,24244254.6275601,27,13409850.4766747,-6956091.43115421,21689255.548937,-0.000212149002551
2092,594913.4,21524837.8582225,28,-22473732.2087916,-13253394.4852396,5130715.24537405,0.000738971969192
2092,594913.4,21080683.6434716,30,-14534068.787524,-7743997.56323064,20899237.5333879,-0.00015400453539
2092,594914.4,24620554.9968469,4,1517604.34691993,-25042073.8832821,-8678899.29996344,-4.93E-05
2092,594914.4,23522942.2689956,5,-22198744.8432518,4047835.46148893,14027443.1204222,-7.66E-06
2092,594914.4,20834663.1097857,7,-4493478.04633568,-15927294.9428182,20966793.6818719,-0.000215250933494
2092,594914.4,22255607.432092,8,8045645.80685342,-18188455.6626662,17508287.6529131,-2.39E-05
2092,594914.4,21944902.221886,9,-6873329.05810597,-25618891.5204114,1154364.28249017,-0.00015639318026
2092,594914.4,24330542.6736419,11,12041945.4386475,-23509002.2686457,3519327.2511553,-0.000360120950858
2092,594914.4,24527993.1786825,13,-13167023.2240667,10461263.6794901,20414459.8755272,-1.26E-05
2092,594914.4,23901193.9914308,23,-521821.231548953,-25158356.2317828,-7510802.13184303,-0.000136053250477
2092,594914.4,24244750.143943,27,13410499.1373288,-6953385.5227291,21689751.6180796,-0.000212149015199
2092,594914.4,21524462.4691385,28,-22473113.1124901,-13253374.1209158,5133852.28375421,0.000738971967179
2092,594914.4,21080422.169409,30,-14532090.6702133,-7745765.25380456,20899939.0036312,-0.000154004543774
2092,594915.4,24621232.7982043,4,1518064.97985474,-25041036.6504868,-8681810.81151894,-4.93E-05
2092,594915.4,23523032.4517208,5,-22200411.8628906,4047123.83088049,14025052.3852524,-7.66E-06
2092,594915.4,20834661.5741665,7,-4491460.4609456,-15928953.4135576,20965906.8860041,-0.000215250940024
2092,594915.4,22255784.865906,8,8046316.00448553,-18186327.6476645,17510217.1400753,-2.39E-05
2092,594915.4,21945459.1979359,9,-6873063.61908593,-25619111.4431104,1151210.18432225,-0.000156393188934
2092,594915.4,24330134.6177503,11,12042143.709227,-23508383.6495438,3522328.56477555,-0.000360120938869
2092,594915.4,24527332.0946336,13,-13167355.2787622,10458662.8586338,20415579.4722396,-1.26E-05
2092,594915.4,23901847.5020852,23,-521237.920913222,-25157454.5730684,-7513761.62367468,-0.000136053251673
2092,594915.4,24245258.5734871,27,13411147.9744871,-6950679.59597698,21690247.2190343,-0.000212149027846
2092,594915.4,21524066.1048928,28,-22472493.6560821,-13253353.6365162,5136989.21347872,0.000738971965167
2092,594915.4,21080176.3307414,30,-14530112.5806839,-7747533.11006781,20900640.03161,-0.000154004552157
2092,594916.4,24621914.0198045,4,1518525.73976478,-25039999.0845071,-8684722.13802477,-4.93E-05
2092,594916.4,23523142.8766987,5,-22202078.6324465,4046412.37907169,14022661.3521438,-7.66E-06
2092,594916.4,20834695.8463942,7,-4489443.04778495,-15930611.9298973,20965019.6517281,-0.000215250946555
2092,594916.4,22255966.6273739,8,8046986.38284809,-18184199.4375522,17512146.2520038,-2.39E-05
2092,594916.4,21946021.0949471,9,-6872798.1023212,-25619330.9950504,1148056.06167914,-0.000156393197608
2092,594916.4,24329729.7028978,11,12042341.8803403,-23507764.6891036,3525329.80414332,-0.000360120926881
2092,594916.4,24526671.1501865,13,-13167687.4991736,10456061.9165772,20416698.6291377,-1.26E-05
2092,594916.4,23902529.9452006,23,-520654.47030768,-25156552.5795533,-7516720.94980383,-0.00013605325287
2092,594916.4,24245758.731628,27,13411796.9882084,-6947973.6507379,21690742.351827,-0.000212149040494
2092,594916.4,21523683.9800247,28,-22471873.8397807,-13253333.0318538,5140126.03411493,0.000738971963155
2092,594916.4,21079937.1929575,30,-14528134.5189323,-7749301.13203898,20901340.6173301,-0.00015400456054
2092,594917.4,24622613.0755271,4,1518986.62663915,-25038961.1854309,-8687633.27927591,-4.93E-05
2092,594917.4,23523249.253226,5,-22203745.1520348,4045701.10579835,14020270.020957,-7.66E-06
2092,594917.4,20834719.1598851,7,-4487425.80636142,-15932270.4921027,20964131.9789233,-0.000215250953086
2092,594917.4,22256151.5298811,8,8047656.94200802,-18182071.0323636,17514074.9886638,-2.39E-05
2092,594917.4,21946575.6628668,9,-6872532.50761594,-25619550.1762846,1144901.91450252,-0.000156393206282
2092,594917.4,24329316.5166422,11,12042539.9521591,-23507145.387233,3528330.96930599,-0.000360120914894
2092,594917.4,24526015.4408047,13,-13168019.8853184,10453460.8534196,20417817.3461773,-1.26E-05
2092,594917.4,23903212.2138137,23,-520070.879400847,-25155650.2511896,-7519680.11044905,-0.000136053254066
2092,594917.4,24246264.4040376,27,13412446.1784478,-6945267.68722336,21691237.0164248,-0.00021214905314
2092,594917.4,21523308.5909407,28,-22471253.6635126,-13253312.3070757,5143262.74567243,0.000738971961145
2092,594917.4,21079682.0009733,30,-14526156.4848047,-7751069.31993214,20902040.7608281,-0.000154004568924
2092,594918.4,24623307.7686953,4,1519447.64066993,-25037922.9532083,-8690544.23542892,-4.93E-05
2092,594918.4,23523319.7521057,5,-22205411.4218109,4044990.01080369,14017878.3914869,-7.66E-06
2092,594918.4,20834748.9299565,7,-4485408.73690653,-15933929.1000044,20963243.8676563,-0.000215250959618
2092,594918.4,22256332.9772452,8,8048327.68201485,-18179942.4321042,17516003.350059,-2.39E-05
2092,594918.4,21947126.7407431,9,-6872266.8349663,-25619768.9868073,1141747.74289665,-0.000156393214956
2092,594918.4,24328910.9735819,11,12042737.9246098,-23506525.7440115,3531332.06004366,-0.000360120902908
2092,594918.4,24525346.992764,13,-13168352.4372671,10450859.6690208,20418935.6234026,-1.26E-05
2092,594918.4,23903887.3976385,23,-519487.148115779,-25154747.5879898,-7522639.10561595,-0.000136053255264
2092,594918.4,24246772.0308717,27,13413095.5452075,-6942561.70546636,21691731.212825,-0.000212149065787
2092,594918.4,21522914.7046259,28,-22470633.1271495,-13253291.462357,5146399.3483529,0.000738971959135
2092,594918.4,21079423.353846,30,-14524178.4784664,-7752837.67358728,20902740.46206,-0.000154004577308
2092,594919.4,24623995.9354821,4,1519908.78184421,-25036884.3878717,-8693455.00643936,-4.93E-05
2092,594919.4,23523431.7476031,5,-22207077.441204,4044279.09472726,14015486.4644053,-7.66E-06
2092,594919.4,20834776.0824953,7,-4483391.83940866,-15935587.7535952,20962355.3179175,-0.00021525096615
2092,594919.4,22256513.6218992,8,8048998.60281699,-18177813.6368845,17517931.3361298,-2.39E-05
2092,594919.4,21947688.1142478,9,-6872001.08449269,-25619987.4265741,1138593.54707711,-0.000156393223629
2092,594919.4,24328502.812989,11,12042935.7977367,-23505905.7594144,3534333.07639179,-0.000360120890922
2092,594919.4,24524681.3018577,13,-13168685.1549458,10448258.3636711,20420053.4607304,-1.26E-05
2092,594919.4,23904563.9076799,23,-518903.27655246,-25153844.5900115,-7525597.9351524,-0.000136053256461
2092,594919.4,24247271.3514021,27,13413745.0884995,-6939855.70545253,21692224.9410343,-0.000212149078433
2092,594919.4,21522530.834736,28,-22470012.2308764,-13253270.4975356,5149535.84178872,0.000738971957126
2092,594919.4,21079186.0657851,30,-14522200.5002071,-7754606.19269532,20903439.7209514,-0.000154004585692
2092,594920.4,24624685.4982863,4,1520370.05021963,-25035845.4894806,-8696365.59217204,-4.93E-05
2092,594920.4,23523531.3185456,5,-22208743.2105298,4043568.35705685,14013094.2393304,-7.66E-06
2092,594920.4,20834803.3746359,7,-4481375.11388395,-15937246.4528201,20961466.3297303,-0.000215250972683
2092,594920.4,22256700.1298264,8,8049669.70444426,-18175684.6467991,17519858.946795,-2.39E-05
2092,594920.4,21948243.9734836,9,-6871735.2559551,-25620205.4956524,1135439.32694147,-0.000156393232303
2092,594920.4,24328091.2321534,11,12043133.5716614,-23505285.4333923,3537334.01829853,-0.000360120878937
2092,594920.4,24524016.3787609,13,-13169018.0384062,10445656.9373703,20421170.8581456,-1.26E-05
2092,594920.4,23905247.1535052,23,-518319.264638257,-25152941.2573044,-7528556.5989431,-0.000136053257659
2092,594920.4,24247774.4411795,27,13414394.8082924,-6937149.68735578,21692718.2010242,-0.000212149091079
2092,594920.4,21522152.5489159,28,-22469390.9746252,-13253249.4127591,5152672.22596466,0.000738971955118
2092,594920.4,21078926.79045,30,-14520222.5496879,-7756374.877679,20904138.5375889,-0.000154004594076
2092,594921.4,24625378.6209349,4,1520831.44579176,-25034806.258081,-8699275.99254186,-4.93E-05
2092,594921.4,23523619.4421452,5,-22210408.7297248,4042857.79780071,14010701.7163233,-7.66E-06
2092,594921.4,20834831.5741877,7,-4479358.56039753,-15938905.1976148,20960576.9031139,-0.000215250979216
2092,594921.4,22256880.5999783,8,8050340.98697234,-18173555.4618125,17521786.1820894,-2.39E-05
2092,594921.4,21948798.8904078,9,-6871469.34936559,-25620423.1940315,1132285.08260688,-0.000156393240976
2092,594921.4,24327683.5252661,11,12043331.2463554,-23504664.7659878,3540334.88562503,-0.000360120866953
2092,594921.4,24523355.6437164,13,-13169351.087636,10443055.3902419,20422287.8156107,-1.26E-05
2092,594921.4,23905921.3950183,23,-517735.112236208,-25152037.5898569,-7531515.09707566,-0.000136053258857
2092,594921.4,24248276.8678487,27,13415044.7045875,-6934443.65120912,21693210.9927923,-0.000212149103724
2092,594921.4,21521770.9126539,28,-22468769.3583603,-13253228.2081048,5155808.5009064,0.000738971953111
2092,594921.4,21078669.853444,30,-14518244.6271804,-7758143.72825871,20904836.9118996,-0.00015400460246
2092,594922.4,24626078.8981728,4,1521292.96858716,-25033766.693721,-8702186.20745195,-4.93E-05
2092,594922.4,23523744.1414011,5,-22212073.9984255,4042147.41729599,14008308.8958188,-7.66E-06
2092,594922.4,20834852.514449,7,-4477342.17889245,-15940563.9879832,20959687.0380604,-0.00021525098575
2092,594922.4,22257063.7225632,8,8051012.4503709,-18171426.0820606,17523713.0419167,-2.39E-05
2092,594922.4,21949358.5537911,9,-6871203.36470207,-25620640.5217095,1129130.81420041,-0.00015639324965
2092,594922.4,24327270.6531144,11,12043528.8219334,-23504043.7571415,3543335.67839804,-0.000360120854969
2092,594922.4,24522698.1544124,13,-13169684.3026561,10440453.7223348,20423404.333105,-1.26E-05
2092,594922.4,23906601.2904018,23,-517150.819412797,-25151133.5877454,-7534473.42933973,-0.000136053260056
2092,594922.4,24248784.3899814,27,13415694.7773591,-6931737.59714656,21693703.3163198,-0.00021214911637
2092,594922.4,21521386.5192575,28,-22468147.3820746,-13253206.8836362,5158944.6665421,0.000738971951105
2092,594922.4,21078430.8901622,30,-14516266.732868,-7759912.7442623,20905534.8438317,-0.000154004610845
2092,594923.4,24626762.9467082,4,1521754.6188607,-25032726.7963441,-8705096.23706727,-4.93E-05
2092,594923.4,23523822.3183766,5,-22213739.0171296,4041437.21484028,14005915.7772053,-7.66E-06
2092,594923.4,20834888.4269971,7,-4475325.96961936,-15942222.8237314,20958796.734652,-0.000215250992285
2092,594923.4,22257247.1243517,8,8051684.09469918,-18169296.5075722,17525639.5262514,-2.39E-05
2092,594923.4,21949916.0882479,9,-6870937.30182936,-25620857.4787211,1125976.52171694,-0.000156393258323
2092,594923.4,24326866.785275,11,12043726.2983832,-23503422.4068995,3546336.39641163,-0.000360120842987
2092,594923.4,24522030.4741813,13,-13170017.6835425,10437851.9335369,20424520.4106548,-1.26E-05
2092,594923.4,23907268.5518278,23,-516566.385945422,-25150229.2509515,-7537431.59585014,-0.000136053261255
2092,594923.4,24249284.3736201,27,13416345.0266585,-6929031.52506416,21694195.171618,-0.000212149129015
2092,594923.4,21520997.9378089,28,-22467525.0457377,-13253185.4394483,5162080.72282111,0.0007389719491
2092,594923.4,21078174.7907667,30,-14514288.8664973,-7761681.9260085,20906232.3334514,-0.00015400461923
2092,594924.4,24627459.0707943,4,1522216.39638984,-25031686.5660957,-8708006.08105478,-4.93E-05
2092,594924.4,23523930.8238305,5,-22215403.7852777,4040727.19104824,14003522.3611447,-7.66E-06
2092,594924.4,20834915.9634407,7,-4473309.93239669,-15943881.7049551,20957905.9928346,-0.00021525099882
2092,594924.4,22257429.4093262,8,8052355.9199501,-18167166.7384089,17527565.6350646,-2.39E-05
2092,594924.4,21950473.6925055,9,-6870671.16076302,-25621074.0650561,1122822.20524278,-0.000156393266996
2092,594924.4,24326461.7308209,11,12043923.6757695,-23502800.7152251,3549337.03970862,-0.000360120831005
2092,594924.4,24521379.5810596,13,-13170351.2301893,10435250.0242574,20425636.048137,-1.26E-05
2092,594924.4,23907955.0433937,23,-515981.812100662,-25149324.5795989,-7540389.59623055,-0.000136053262454
2092,594924.4,24249793.3964716,27,13416995.4524021,-6926325.43525813,21694686.5586511,-0.000212149141659
2092,594924.4,21520617.1740578,28,-22466902.3494347,-13253163.8754874,5165216.66955627,0.000738971947096
2092,594924.4,21077921.1344016,30,-14512311.0283017,-7763451.2732547,20906929.3806984,-0.000154004627615
2092,594925.4,24628134.3593204,4,1522678.30142213,-25030646.0028899,-8710915.73966447,-4.93E-05
2092,594925.4,23524026.5906255,5,-22217068.3030885,4040017.3456005,14001128.6473511,-7.66E-06
2092,594925.4,20834931.1451302,7,-4471294.06725257,-15945540.6316156,20957014.812615,-0.000215251005356
2092,594925.4,22257611.8339024,8,8053027.9261001,-18165036.774663,17529491.3683028,-2.39E-05
2092,594925.4,21951024.2817757,9,-6870404.94144781,-25621290.2807276,1119667.86477869,-0.000156393275669
2092,594925.4,24326051.7903057,11,12044120.9541194,-23502178.6821144,3552337.60825427,-0.000360120819023
2092,594925.4,24520708.8295901,13,-13170684.9427235,10432647.9941568,20426751.2456612,-1.26E-05
2092,594925.4,23908626.4579714,23,-515397.09760735,-25148419.5736238,-7543347.43074627,-0.000136053263654
2092,594925.4,24250291.2162832,27,13417646.054647,-6923619.32758029,21695177.4774418,-0.000212149154304
2092,594925.4,21520229.7094231,28,-22466279.2931093,-13253142.1918483,5168352.5068258,0.000738971945093
2092,594925.4,21077669.5022618,30,-14510333.2183511,-7765220.78594271,20907625.9855567,-0.000154004636
2092,594926.4,24628845.1415893,4,1523140.33359206,-25029605.1069751,-8713825.21229303,-4.93E-05
2092,594926.4,23524105.1515057,5,-22218732.5705466,4039307.67841609,13998734.6358358,-7.66E-06
2092,594926.4,20834959.903089,7,-4469278.37448162,-15947199.6034956,20956123.194085,-0.000215251011892
2092,594926.4,22257791.396643,8,8053700.11320422,-18162906.6163577,17531416.7259483,-2.39E-05
2092,594926.4,21951581.8860333,9,-6870138.64391084,-25621506.1257166,1116513.50053363,-0.000156393284342
2092,594926.4,24325640.4537732,11,12044318.1334771,-23501556.3075651,3555338.1019555,-0.000360120807043
2092,594926.4,24520020.4883011,13,-13171018.8211589,10430045.843312,20427866.0031969,-1.26E-05
2092,594926.4,23909302.7935106,23,-514812.242564382,-25147514.2331164,-7546305.09913982,-0.000136053264854
2092,594926.4,24250794.2711602,27,13418296.83333,-6920913.2022858,21695667.9279546,-0.000212149166948
2092,594926.4,21519842.0702863,28,-22465655.8767798,-13253120.3885707,5171488.23450165,0.00073897194309
2092,594926.4,21077410.4712297,30,-14508355.4366099,-7766990.46414508,20908322.1480337,-0.000154004644385
2092,594927.4,24629524.4436655,4,1523602.49346464,-25028563.878129,-8716734.49952678,-4.93E-05
2092,594927.4,23524209.1548034,5,-22220396.587323,4038598.18979064,13996340.3269924,-7.66E-06
2092,594927.4,20834992.2557927,7,-4467262.85400858,-15948858.62061,20955231.1372317,-0.000215251018429
2092,594927.4,22257973.646717,8,8054372.48125272,-18160776.2636019,17533341.7079239,-2.39E-05
2092,594927.4,21952137.0821609,9,-6869872.26802224,-25621721.6000577,1113359.11247748,-0.000156393293015
2092,594927.4,24325232.3978815,11,12044515.2138698,-23500933.5915868,3558338.52070001,-0.000360120795063
2092,594927.4,24519349.841533,13,-13171352.8653842,10427443.5722032,20428980.3205883,-1.26E-05
2092,594927.4,23909979.3733528,23,-514227.246882409,-25146608.558098,-7549262.60138996,-0.000136053266055
2092,594927.4,24251297.8844442,27,13418947.7884653,-6918207.05938151,21696157.9101877,-0.000212149179591
2092,594927.4,21519459.4917125,28,-22465032.1004636,-13253098.4656933,5174623.85246166,0.000738971941089
2092,594927.4,21077165.5050731,30,-14506377.6833122,-7768760.30763369,20909017.8680639,-0.000154004652771
2092,594928.4,24630194.0434206,4,1524064.7809576,-25027522.3164671,-8719643.60109438,-4.93E-05
2092,594928.4,23524313.6118068,5,-22222060.3535379,4037888.87946616,13993945.7206713,-7.66E-06
2092,594928.4,594928.445751001,7,-4465247.50570407,-15950517.6830008,20954338.6420322,-0.000215251024966
2092,594928.4,22258153.6631633,8,8055045.03032747,-18158645.7163972,17535266.3142221,-2.39E-05
2092,594928.4,21952693.918609,9,-6869605.81371702,-25621936.7037614,1110204.70071788,-0.000156393301688
2092,594928.4,24324821.8291586,11,12044712.1954199,-23500310.5341213,3561338.86448416,-0.000360120783084
2092,594928.4,24518700.9028357,13,-13171687.0754148,10424841.1809205,20430094.1977975,-1.26E-05
2092,594928.4,23910651.3463375,23,-513642.110439926,-25145702.5485885,-7552219.93748096,-0.000136053267256
2092,594928.4,24251804.3944643,27,13419598.9200488,-6915500.89894232,21696647.4241283,-0.000212149192235
2092,594928.4,21519079.2165676,28,-22464407.9641194,-13253076.4233245,5177759.36067129,0.000738971939088
2092,594928.4,21076913.5239289,30,-14504399.9583196,-7770530.31660066,20909713.1456812,-0.000154004661156
2092,594929.4,24630900.3235334,4,1524527.19579524,-25026480.4222018,-8722552.51648105,-4.93E-05
2092,594929.4,23524426.9335208,5,-22223723.8690891,4037179.74745107,13991550.8169939,-7.66E-06
2092,594929.4,20835035.8464366,7,-4463232.32966021,-15952176.7905729,20953445.708525,-0.000215251031504
2092,594929.4,22258339.8220861,8,8055717.76041709,-18156514.9748714,17537190.5447466,-2.39E-05
2092,594929.4,21953245.5548922,9,-6869339.28085905,-25622151.4368623,1107050.26525338,-0.000156393310361
2092,594929.4,24324414.1222713,11,12044909.0781722,-23499687.1351708,3564339.1331873,-0.000360120771106
2092,594929.4,24518028.4761453,13,-13172021.4514431,10422238.6689763,20431207.6349672,-1.26E-05
2092,594929.4,23911327.6818766,23,-513056.83323326,-25144796.2046495,-7555177.1072556,-0.000136053268457
2092,594929.4,24252305.6345187,27,13420250.2281142,-6912794.72092045,21697136.4697799,-0.000212149204878
2092,594929.4,21518692.7640455,28,-22463783.4676796,-13253054.2615984,5180894.75915031,0.000738971937088
2092,594929.4,21076654.8070007,30,-14502422.2616799,-7772300.49103066,20910407.9808687,-0.000154004669542
2092,594930.4,24631566.2936432,4,1524989.73849793,-25025438.1950792,-8725461.24637084,-4.93E-05
2092,594930.4,23524526.2950607,5,-22225387.1340567,4036470.79363851,13989155.6158298,-7.66E-06
2092,594930.4,20835073.7483095,7,-4461217.32619006,-15953835.9431249,20952552.3367848,-0.000215251038043
2092,594930.4,22258518.3378136,8,8056390.67155272,-18154384.0389959,17539114.3995452,-2.39E-05
2092,594930.4,21953800.8906215,9,-6869072.66957268,-25622365.7993181,1103895.8062452,-0.000156393319034
2092,594930.4,24324002.9253405,11,12045105.8621116,-23499063.3947472,3567339.32680889,-0.000360120759128
2092,594930.4,24517377.7575258,13,-13172355.9932713,10419636.0370312,20432320.6319056,-1.26E-05
2092,594930.4,23912007.158455,23,-512471.415322247,-25143889.5263092,-7558134.11065994,-0.000136053269658
2092,594930.4,24252806.1067634,27,13420901.7126072,-6910088.52549969,21697625.047126,-0.000212149217521
2092,594930.4,21518321.1442085,28,-22463158.6113093,-13253031.9803601,5184030.04761307,0.00073897193509
2092,594930.4,21076409.0730345,30,-14500444.593649,-7774070.83064262,20911102.3735652,-0.000154004677928
2092,594931.4,24632261.5452184,4,1525452.40863512,-25024395.6353974,-8728369.79003062,-4.93E-05
2092,594931.4,23524633.9629041,5,-22227050.1482557,4035762.0181239,13986760.1174055,-7.66E-06
2092,594931.4,20835097.7947096,7,-4459202.49496175,-15955495.1408225,20951658.5267341,-0.000215251044582
2092,594931.4,22258707.8471782,8,8057063.76367128,-18152252.9089799,17541037.8784604,-2.39E-05
2092,594931.4,21954358.8438835,9,-6868805.97974004,-25622579.7911561,1100741.32374515,-0.000156393327706
2092,594931.4,24323603.0361507,11,12045302.5472435,-23498439.312888,3570339.44514097,-0.000360120747151
2092,594931.4,24516716.7432778,13,-13172690.7010532,10417033.2847372,20433433.188709,-1.26E-05
2092,594931.4,23912682.6214832,23,-511885.856550535,-25142982.5135808,-7561090.9477027,-0.00013605327086
2092,594931.4,24253314.6061084,27,13421553.3735036,-6907382.31282345,21698113.1561434,-0.000212149230163
2092,594931.4,21517928.7586124,28,-22462533.3947841,-13253009.5799092,5187165.22637028,0.000738971933092
